count,description,ID,time,diet_type,tissue,meas_type,i14.0,C14.0,i15.0,a-15.0,C15.0,i16.0,C16.0,C16.1w7,C16.1w5,i17.0,C17.0,C16.2w6,C16.3w4,C16.3w3,C16.4w3,C16.4w1,C18.0,C18.1w9,C18.1w7,C18.2w6,C18.3w6,C18.3w3,C18.4w4,C18.4w3,C20.0,C20.1w9,C20.1w7,C20.2w6,C20.3w6,C20.4w6,C20.3w3,C20.4w3,C20.5w3,C22.0,C22.1w9,C22.1w7,C22.2w6,C22.6w3,C24.0,w3,C16w3,C18w3,C20w3,C22w3,ALA.SDA,EPA,DHA,w6,LIN,ARA,DPA,BrFA,C16MUFA,C18MUFA,MUFA,SAFA,LSAFA,LCPUFA,LCEFA
1,1801_D1_4112018_7.qgd,diatom1,initial,diatom,alga,prop,0.019935636,7.10634238,0.080929191,0.032751403,0.398475398,0.066452121,19.15055203,16.15854527,0.438584,0.140498771,0,0,18.22591823,0.020410294,0,1.114259676,1.741994893,6.211849363,3.053000313,0.676862321,0.306866403,1.142264498,1.310530763,0.387795593,0.088761048,0.372843866,0.087099745,0.122461766,0,1.104766516,0,0.127683004,15.53959122,0.022308926,0.07618261,0.092083654,0.250144771,0.553925896,3.777328435,17.77167051,0.020410294,1.530060092,15.66727423,0.553925896,1.530060092,15.53959122,0.553925896,2.461101776,0.676862321,1.104766516,0,0.340567121,16.59712927,9.264849676,26.49018882,32.28576311,3.853511045,0.576234823,17.32596664
2,1802_D2_4112018_8.qgd,diatom2,initial,diatom,alga,prop,0.030464236,9.096031132,0.071083216,0.024567932,0.385225173,0.025878222,18.28804099,20.83458903,0.504133964,0.050773726,0,0,28.56464314,0.169027372,0,0.368846552,0.890996999,2.55572007,0.614198299,0.659730866,0.226024974,1.448197697,0.419292706,0.110064335,0.06879021,0,0.075996803,0,0,1.482592801,0,0,10.06433522,0,0,0,0.151010889,0,0.110064335,11.79162463,0.169027372,1.558262032,10.06433522,0,1.558262032,10.06433522,0,2.670370419,0.659730866,1.482592801,0,0.202767332,21.33872299,3.169918369,24.58463816,28.83914884,0.110064335,0,11.69793891
3,1803_D3_4112018_9.qgd,diatom3,initial,diatom,alga,prop,0.028913656,10.56466443,0.053201127,0.033154326,0.434090357,0.020046802,18.58762573,21.27659574,0.550130497,0,0,0,27.11252809,0.104474677,0,0.489219061,0.947982405,2.273769917,0.498085916,0.634558373,0.244031258,1.36125493,0.500784524,0.110642924,0.089439576,0,0,0,0,1.697424372,0,0,10.0862398,0,0,0,0.13030421,0,0,11.66261233,0.104474677,1.471897854,10.0862398,0,1.471897854,10.0862398,0,2.836622422,0.634558373,1.697424372,0,0.135315911,21.82672624,2.771855833,24.59858207,30.62380249,0,0,11.91396838
4,1804_D4_4112018_10.qgd,diatom4,initial,diatom,alga,prop,0.021434921,8.399126632,0.053797448,0.030681357,0.340436978,0.050224962,17.50056214,17.61908464,0.449292753,0.104442703,0,0,25.53550527,0.079435295,0,0.50939459,1.426052675,2.064897375,1.413654045,0.573068913,0.236414568,1.282943057,0.692221856,0.219813012,0.0508554,0.237255153,0.093725242,0.18261712,0,1.564328929,0,0,14.0940909,0,0,0,0.22443623,0,0.718700287,15.67628226,0.079435295,1.502756068,14.0940909,0,1.502756068,14.0940909,0,3.005301991,0.573068913,1.564328929,0,0.260581391,18.0683774,3.47855142,21.87790921,28.43573411,0.718700287,0,15.88285606
5,1805_D5_4112018_11.qgd,diatom5,initial,diatom,alga,prop,0.014483351,4.719786837,0.072019951,0.0287683,0.27319965,0.046822888,16.79235438,12.13684981,0.35950455,0.09781222,0,0,14.20896103,0.086503302,0,1.308858454,1.4570648,9.317754803,5.215593609,0.790037042,0.322006559,0.922371222,1.555273825,0.406327439,0.068250312,0.537272805,0.167451347,0.06130624,0,1.146962365,0,0,22.14544062,0.066464693,0,0,0.322800167,0,0.231535215,23.56064258,0.086503302,1.328698661,22.14544062,0,1.328698661,22.14544062,0,2.96591254,0.790037042,1.146962365,0,0.259906711,12.49635436,14.53334841,27.73442693,23.60865589,0.231535215,0.066464693,23.61520315
6,1806_D6_4112018_12.qgd,diatom6,initial,diatom,alga,prop,0.020820919,9.25992404,0.052770259,0.025128695,0.306929058,0.0211799,17.84927091,20.8683041,0.353237653,0,0,0,29.44580458,0.134976989,0,0.361135243,0.758527602,2.484150973,0.597703955,0.693551977,0.22256844,1.450284672,0.451239563,0.10338663,0.069642383,0,0,0,0,1.508798633,0,0,10.31640617,0,0,0,0.096207003,0,0,12.00505446,0.134976989,1.553671302,10.31640617,0,1.553671302,10.31640617,0,2.617333056,0.693551977,1.508798633,0,0.119899772,21.22154175,3.081854928,24.30339668,28.24429399,0,0,11.9214118
7,1807_DF1s1_4112018_13.qgd,diatom1_subsample1,final,diatom,alga,prop,0.027303072,8.465234089,0.098060328,0.05896438,0.296103736,0.016663847,19.33480488,36.7153251,0.551573323,0.026277604,0,0,9.538001261,0.06716812,0,0.857162634,0.584131916,1.600498377,0.991883425,0.668348433,3.056918573,0.476970564,2.223085324,0.064091718,0.053580676,0,0,0,0.065629919,1.034183959,0,0.111391406,11.59996001,0.034865894,0,0,0.102034015,0,0.114083258,12.31958181,0.06716812,0.541062282,11.71135141,0,0.541062282,11.59996001,0,5.029148913,0.668348433,1.034183959,0,0.227269231,37.26689842,2.592381802,39.85928022,28.88280445,0.114083258,0.034865894,12.9131993
8,1808_DF1s2_4112018_14.qgd,diatom1_subsample2,final,diatom,alga,prop,0.034249308,8.181042578,0.110604396,0.059291813,0.314013368,0.022587357,19.15395616,35.99565439,0.560755694,0.055609091,0,0,9.271005322,0.013135039,0,0.871577371,0.672710421,1.817300197,1.184363165,0.673569723,3.080105326,0.492870865,2.187290929,0.048734678,0.061624203,0.034740337,0.031548646,0.047507105,0.071935822,1.054731376,0,0.124721494,12.06336736,0.019763938,0,0,0.110236124,0,0.129263517,12.74282943,0.013135039,0.541605544,12.18808885,0,0.541605544,12.06336736,0,5.1483216,0.673569723,1.054731376,0,0.282341965,36.55641008,3.001663362,39.62436243,28.53237419,0.129263517,0.019763938,13.42499217
9,1809_DF1s3_4112018_15.qgd,diatom1_subsample3,final,diatom,alga,prop,0.03250983,8.453969144,0.093406865,0.059130197,0.319915569,0.015548179,19.1908115,36.97769307,0.578580734,0.028504995,0,0,9.44917041,0.029800677,0,0.834772325,0.635826303,1.514062857,1.060103136,0.651256693,3.053214822,0.459495815,2.153658416,0.054889785,0.036043507,0.002709152,0,0,0.068317758,1.026768782,0,0.110721883,11.60989618,0.010012085,0,0,0.109543991,0,0.118613762,12.26480434,0.029800677,0.5143856,11.72061806,0,0.5143856,11.60989618,0,5.018646036,0.651256693,1.026768782,0,0.229100067,37.55627381,2.574165993,40.13314895,28.76519187,0.118613762,0.010012085,12.92524859
10,1810_DF2s1_4112018_16.qgd,diatom2_subsample1,final,diatom,alga,prop,0.028108696,8.313942311,0.091751026,0.05197457,0.299914481,0.013656583,20.16348124,38.74942821,0.562306504,0.019623052,0,0,8.671930418,0.027578343,0,0.829206526,0.557002977,1.52171463,0.788369364,0.653924942,3.270552826,0.494819117,2.180014982,0.046140689,0.038980927,0,0,0,0.063244566,0.81064418,0,0.095330907,10.50469694,0,0,0,0.082469853,0,0.078227031,11.16856599,0.027578343,0.540959806,10.60002784,0,0.540959806,10.50469694,0,4.963306219,0.653924942,0.81064418,0,0.205113926,39.31173472,2.310083995,41.62181871,29.45154896,0.078227031,0,11.55638644
11,1811_DF2s2_4112018_18.qgd,diatom2_subsample2,final,diatom,alga,prop,0.021381554,7.491834646,0.088471633,0.045272168,0.27534205,0.010472598,20.12287848,38.60155911,0.542611473,0.022690629,0,0,8.907053513,0.024654241,0.018872494,0.824607987,0.55090228,1.318674605,0.84620772,0.622574121,3.268977765,0.490139395,2.304080604,0.075926334,0.035890465,0,0,0,0.073635453,0.945806488,0,0.09436247,11.03342722,0,0,0,0.09676244,0,0.114980397,11.73738216,0.043526735,0.566065729,11.12778969,0,0.566065729,11.03342722,0,5.104518708,0.622574121,0.945806488,0,0.188288581,39.14417058,2.164882325,41.30905291,28.59182832,0.114980397,0,12.24399407
12,1812_DF2s3_4112018_19.qgd,diatom2_subsample3,final,diatom,alga,prop,0.025807864,7.838161229,0.092673695,0.047444761,0.287405762,0.012252218,20.21146808,38.32376618,0.5347963,0.026980949,0,0,8.419359548,0.040015224,0.020594154,0.808255388,0.75429349,1.581839605,1.000380601,0.652235117,3.187662277,0.466105671,2.178679054,0.044186192,0.046793047,0,0.034410486,0,0.026980949,0.873035735,0,0.089284783,11.01617814,0,0,0,0.099842546,0,0.14363771,11.67636417,0.060609378,0.510291863,11.10546293,0,0.510291863,11.01617814,0,4.93959917,0.652235117,0.873035735,0,0.205159487,38.85856248,2.582220206,41.47519317,29.28175931,0.14363771,0,12.10532216
13,1813_GIs1_4112018_20.qgd,gondo_1,initial,wild,amphipod,prop,0.017892122,2.500065213,0.064145535,0.022058781,0.173178938,0.031144898,12.56062007,8.579045103,0.169537489,0.107440269,0,0,2.526693313,0.2755772,0.919150891,7.692282105,1.177378685,7.179713064,3.543795696,1.550294634,0.650331381,1.831088911,6.493755002,0.644343997,0.048879458,0.67095459,0.208945676,0.230934429,0.17079799,0.623370648,0.592628411,0.647547773,29.09612744,0.03996841,0.166858922,0.071656024,1.1334537,0,1.064528762,34.00646462,1.194728091,2.475432908,30.33630362,0,2.475432908,29.09612744,0,5.492636481,1.550294634,0.623370648,0,0.242681605,8.748582592,10.72350876,20.59050657,17.56461954,1.231387685,0.632596821,32.26392596
14,1814_GIs2_4112018_21.qgd,gondo_1,initial,wild,amphipod,prop,0.015554787,2.604625968,0.057982683,0.022257257,0.166507887,0.028917572,12.77674032,8.063660813,0.158351108,0.102307504,0,0,2.197904108,0.34374394,1.120281925,7.542153895,1.239535295,7.971259474,3.372058712,1.769746992,0.598290238,2.06351749,6.634137911,0.595676696,0.044662052,0.68715065,0.193296688,0.261480613,0.163072345,0.571037745,0.644301215,0.823539578,28.42635293,0.045673746,0.16496927,0.063146535,1.04463676,0,1.049695227,34.01741377,1.464025866,2.659194186,29.89419372,0,2.659194186,28.42635293,0,5.452901453,1.769746992,0.571037745,0,0.227019804,8.222011921,11.34331819,20.67389325,17.9274405,1.214664497,0.689974961,31.67294057
15,1815_GIs3_4112018_22.qgd,gondo_1,initial,wild,amphipod,prop,0.018782684,2.725982113,0.062980003,0.02506971,0.187999307,0.03179573,12.3993782,8.715871133,0.180834293,0.103430192,0,0,2.647229672,0.327113464,1.101358295,8.338963174,1.093487755,7.004749761,3.405952919,1.649552422,0.679155532,1.990306065,7.026495657,0.676505888,0.049261431,0.693955911,0.211203291,0.25184162,0.175033297,0.615767891,0.609684685,0.599039073,27.67026511,0.041406569,0.178435503,0.074221393,1.168195177,0,1.059889013,32.97427258,1.428471759,2.666811953,28.87898887,0,2.666811953,27.67026511,0,5.707741116,1.649552422,0.615767891,0,0.242058319,8.896705426,10.41070268,20.4652242,17.55740438,1.238324516,0.651091254,30.83798524
16,1817_G2s1_4112018_24.qgd,gondo2,initial,wild,amphipod,prop,0.015227689,2.443690011,0.052096798,0.016604871,0.164809243,0.025713941,12.70142751,8.494178262,0.15524767,0.094848437,0,0,2.541784662,0.29168698,0.970519272,7.962153486,1.135840039,6.440348576,3.401499868,1.187307268,0.57156955,1.768300672,6.52827176,0.613239118,0.048791563,0.660319042,0.206970662,0.221490086,0.156054305,0.573950106,0.583944507,0.716173577,29.75771841,0.039308687,0.167819367,0.066006328,1.151835015,0,1.142607901,34.70158254,1.262206252,2.381539791,31.0578365,0,2.381539791,29.75771841,0,5.014041346,1.187307268,0.573950106,0,0.204491736,8.649425932,9.841848445,19.59238978,17.67647495,1.310427269,0.623253193,32.93967592
17,1818_G2s2_4112018_25.qgd,gondo2,initial,wild,amphipod,prop,0.015908039,2.451023106,0.059759473,0.017760916,0.175355661,0.028811411,12.63403733,8.497646846,0.173753172,0.104278611,0,0,2.658779084,0.274025562,0.871620293,8.013545035,1.096118939,6.52937345,3.518898182,1.278652414,0.613302459,1.633253109,6.450050261,0.671042128,0.050528471,0.681675308,0.218405851,0.22471565,0.173152239,0.621198054,0.578748797,0.589682444,29.49877827,0.04027922,0.185504756,0.06985849,1.246435715,0,1.173822947,34.1171506,1.145645855,2.304295237,30.66720951,0,2.304295237,29.49877827,0,5.403892245,1.278652414,0.621198054,0,0.22651845,8.671400018,10.04827163,19.87511606,17.62116567,1.359327703,0.619028017,32.70799552
18,1819_G2s3_4112018_26.qgd,gondo2,initial,wild,amphipod,prop,0.014586087,2.454619728,0.054884056,0.016724739,0.160278746,0.027009492,13.03503544,8.544202811,0.156602187,0.098642316,0,0,2.567079178,0.26149225,0.838543794,7.912315271,1.123465097,6.716640634,3.519740478,1.214658176,0.577844527,1.586230926,6.37397573,0.626721134,0.046906164,0.63198366,0.203219993,0.209083263,0.161360087,0.568376787,0.524185991,0.775681845,29.8854019,0.040826625,0.167727983,0.070887901,1.106091554,0,1.11952421,34.49825784,1.100036045,2.212952061,31.18526973,0,2.212952061,29.8854019,0,4.943505947,1.214658176,0.568376787,0,0.21184669,8.700804998,10.23638111,20.01100565,17.98065601,1.287252193,0.565012616,33.02109816
19,1820_GFP1_4112018_27.qgd,gondo1,final,Palmeria,amphipod,prop,0.023279756,1.33769422,0.161292102,0.04517493,0.441188929,0.064981497,15.54207687,3.420082498,0.128179464,0.396037466,0,0,0.621560105,0.057636171,0.079179332,1.250113524,2.060305364,12.05928922,4.121549427,1.076524454,0.170514828,0.531609192,1.292495822,0.124987885,0.074227691,1.659738671,0.241644809,0.495375378,0.170749503,1.13317499,0.76445369,0.453016547,34.44054545,0.083473884,0.549233282,0.120599463,0.674150764,0,2.143075223,36.45142827,0.136815503,0.656597077,35.65801569,0,0.656597077,34.44054545,0,4.394640681,1.076524454,1.13317499,0,0.690765751,3.548261962,16.18083865,22.30031683,21.68204218,2.692308505,0.847927574,37.63609094
20,1821_GFP2_4112018_29.qgd,gondo2,final,Palmeria,amphipod,prop,0.022995954,1.418808771,0.143924607,0.040714672,0.398607194,0.056386463,15.29889783,3.7736712,0.128796531,0.333169473,0,0,0.694580151,0.065629621,0.123615245,1.586688829,1.871179801,11.76855516,4.181777418,1.138123805,0.219117218,0.660517994,1.79589124,0.042057968,0.068859928,1.530686165,0.22554585,0.453874243,0.168967488,0.995542495,0.708300964,0.570357224,35.71089321,0.077015656,0.522478305,0.109510634,0.648364361,0,1.763204363,37.88137222,0.189244866,0.702575963,36.98955139,0,0.702575963,35.71089321,0,4.27235397,1.138123805,0.995542495,0,0.597191167,3.902467731,15.95033258,22.24102126,20.89657354,2.285682668,0.78531662,38.80242574
21,1822_GFP3_4112018_30.qgd,gondo3,final,Palmeria,amphipod,prop,0.024674788,1.45417628,0.162141064,0.045127152,0.434619334,0.061172361,15.44361969,3.942186577,0.137651008,0.372760829,0,0,0.750483006,0.066767072,0.101707627,1.544800046,2.07088763,12.06304184,4.290087887,1.154093917,0.204972273,0.615180721,1.598926238,0.023671962,0.072810416,1.572351359,0.236957132,0.476289376,0.167973287,1.064895219,0.745204976,0.51814415,34.34395282,0.081994187,0.545642683,0.11120808,0.652549169,0,1.870085,36.41462933,0.1684747,0.638852683,35.60730194,0,0.638852683,34.34395282,0,4.373322411,1.154093917,1.064895219,0,0.665876194,4.079837584,16.35312973,22.89912657,21.42819254,2.415727683,0.827199164,37.49271962
22,1823_GFDM1_4112018_31.qgd,gondo1,final,Desmarestia,amphipod,prop,0.009484344,0.837905273,0.054626171,0.03055053,0.132005647,0.070083827,14.25492274,2.667426022,0.126761899,0.215130446,0,0,0.305003721,0.070904588,0.186312633,0.766271121,2.556076181,13.86816215,3.488551303,1.866135787,0.133829559,0.942506639,1.245777643,0.015594449,0.173454052,1.191333863,0.147508901,0.607225975,0.286263023,5.422810211,0.825229083,0.432951163,30.74979207,0.06274258,0.163696122,0.079385779,0.553283772,0,1.576589722,33.22329063,0.257217221,0.958101089,32.00797232,0,0.958101089,30.74979207,0,9.422832098,1.866135787,5.422810211,0,0.379875317,2.794187921,17.35671346,21.73282604,19.59369619,1.740285844,0.887971664,38.27032933
23,1824_GFDM2_4112018_32.qgd,gondo2,final,Desmarestia,amphipod,prop,0.007026378,0.669597721,0.052939198,0.02660369,0.124597525,0.071872873,14.5940014,2.071655109,0.109096585,0.230475922,0,0,0.182095824,0.049828283,0.118536604,0.436761795,2.48991232,14.01617569,3.39642234,1.724144404,0.101372933,0.774349752,0.859041742,0.015554577,0.162196692,1.216099738,0.142458471,0.626420361,0.247478684,5.519943918,0.869983582,0.371808026,32.75193185,0.06066285,0.165683063,0.074393787,0.504719205,0,1.602604158,34.95199268,0.168364887,0.789904329,33.99372346,0,0.789904329,32.75193185,0,9.228798709,1.724144404,5.519943918,0,0.388918061,2.180751694,17.41259803,21.19198478,19.70357267,1.768287221,0.930646432,40.26586527
24,1825_GFDM3_4112018_33.qgd,gondo3,final,Desmarestia,amphipod,prop,0.010162579,0.767274709,0.057122628,0.02903594,0.134849605,0.072701526,14.40076521,2.656118431,0.130159184,0.22480518,0,0,0.342903281,0.044391485,0.099168902,0.686532461,2.519258645,14.0134146,3.459018005,1.735623301,0.127367267,0.776990581,1.035410445,0.014797162,0.169078511,1.207169197,0.167180007,0.618298003,0.264003699,5.530062249,0.757000453,0.424594781,31.87950755,0.060528767,0.160758597,0.086381921,0.521976856,0,1.460731125,33.99645091,0.143560387,0.791787743,33.06110278,0,0.791787743,31.87950755,0,9.31930823,1.735623301,5.530062249,0,0.393827853,2.786277615,17.47243261,21.88019995,19.51248657,1.621489722,0.81752922,39.37714559
25,1826_GFD1_4112018_34.qgd,gondo1,final,diatom,amphipod,prop,0.007205912,1.579017439,0.034359898,0.012390654,0.139944084,0.017970842,15.65765591,10.33231118,0.162396651,0.097104058,0,0,3.030569324,0.031855404,0.032162973,0.53437989,1.951835508,11.1278175,3.734156331,0.982772158,0.949994046,0.513245477,1.032686281,0.017882965,0.05694428,1.105184786,0.182871987,0.399928117,0.18625525,1.977319831,0.641238292,0.311743571,28.3263083,0.054132217,0.146842426,0.080143802,0.716021598,0,1.485692091,29.87443698,0.064018377,0.531128441,29.27929016,0,0.531128441,28.3263083,0,5.928312599,0.982772158,1.977319831,0,0.169031363,10.49470783,14.86197383,26.87172466,20.92522153,1.632534517,0.695370509,32.15888684
26,1827_GFD2_4112018_35.qgd,gondo2,final,diatom,amphipod,prop,0.006870002,1.629971528,0.035325379,0.010729077,0.14388837,0.018956116,15.96546001,10.86473815,0.171071525,0.101735396,0,0,3.210496006,0.03367149,0.041856122,0.539507175,1.926950678,11.3275303,3.805302454,0.999500441,1.022951743,0.523349949,1.048777861,0.074594649,0.059709645,1.098479355,0.186889492,0.399817139,0.172598192,1.846164546,0.633736458,0.294901186,27.51316962,0.05207631,0.161869115,0.088758726,0.713632034,0,1.469205005,29.11527948,0.075527612,0.597944597,28.44180727,0,0.597944597,27.51316962,0,5.868296129,0.999500441,1.846164546,0,0.17361597,11.03580967,15.13283276,27.70463912,21.24726154,1.631074121,0.685812768,31.17420204
27,1828_GFD3_4112018_36.qgd,gondo3,final,diatom,amphipod,prop,0.006256507,1.536888021,0.034525236,0.011902623,0.137948346,0.016938348,15.67716577,10.53832282,0.174915146,0.103194214,0,0,3.18810989,0.035517121,0.036356409,0.520434553,2.015815992,11.35872636,3.823336084,1.006610915,0.985285383,0.501626883,0.98543798,0.071530185,0.059513114,1.155355551,0.184948447,0.438336975,0.186016631,1.940737909,0.657276565,0.299205996,27.32205102,0.059589413,0.157442706,0.085798073,0.733728027,0,1.570688418,28.92356418,0.07187353,0.573157068,28.27853358,0,0.573157068,27.32205102,0,6.024443867,1.006610915,1.940737909,0,0.172816927,10.71323797,15.18206244,27.47884519,21.05760908,1.728131124,0.716865978,31.13901615
28,1829_GFH1_4112018_37.qgd,gondo1,final,Himantothallus,amphipod,prop,0.004300303,0.166362694,0.016863933,0.004131663,0.072936508,0.030945316,15.11784094,0.634589781,0.05986696,0.130526838,0,0,0,0,0,0,2.84376494,13.1844754,3.124718056,0.804999819,0.01509322,0.266787412,0.0999188,0.071756033,0.089210203,1.384866138,0.135923296,0.479610241,0.083729425,3.021763748,0.798169926,0.184660061,36.64954134,0.077068172,0.133815305,0.096293055,0.422019911,0,1.580066157,37.97091478,0,0.338543445,37.63237133,0,0.338543445,36.64954134,0,5.249236275,0.804999819,3.021763748,0,0.186768053,0.694456741,16.30919346,18.75454799,19.94724962,1.713881462,0.875238098,41.15988441
29,1830_GFH2_4112018_38.qgd,gondo2,final,Himantothallus,amphipod,prop,0.004314489,0.151757451,0.015288297,0.00347035,0.069125613,0.028231763,15.02727038,0.622224307,0.033202804,0.128496729,0,0,0,0,0,0,2.603700143,13.29115764,2.967993059,0.749783103,0.061622154,0.276314864,0.076629071,0.065373883,0.092573921,1.334771496,0.132436045,0.471404788,0.092573921,3.189438882,0.744812062,0.204094075,35.70398856,0.067906301,0.121931203,0.103453936,0.454522006,0,1.64269468,36.99458344,0,0.341688747,36.65289469,0,0.341688747,35.70398856,0,5.473866861,0.749783103,3.189438882,0,0.179801627,0.655427111,16.2591507,18.60717049,19.65502849,1.764625882,0.812718362,40.3894295
30,0,gondo3,final,Himantothallus,amphipod,prop,0.00502809,0.147825854,0.01653683,0.008268415,0.059554936,0.032291513,14.49464341,0.581135499,0.077320855,0.151736591,0,0,0,0,0,0,2.560191827,12.74632056,3.025569515,0.752202304,0,0.27833273,0.057208494,0.051509991,0.09396942,1.306521321,0.114863929,0.468394542,0.056649817,2.758298584,0.88438521,0.224923238,37.72833117,0.07910862,0.112182281,0.099779658,0.412750343,0,1.546417095,39.16748233,0,0.329842721,38.83763961,0,0.329842721,37.72833117,0,4.861045932,0.752202304,2.758298584,0,0.213861439,0.658456354,15.77189007,18.06369361,18.98171116,1.658599375,0.96349383,42.06533836
31,0,Palmeria1,initial,Palmeria,alga,prop,0.055487586,6.065884686,0.374768612,0.063674279,0.658573969,0.03547567,17.92931245,1.863837103,0.068677258,0.411608731,0,0,0,0,0,0,1.318512387,3.90550737,2.142184665,0.665396213,0,0.283805357,0.37385898,0.346570003,0.148724923,0.939195612,0,0,0.070041707,0.24923932,0,0,57.44329578,0.261974176,4.147014813,0,0,0,0.177378348,58.07367114,0,0.63037536,57.44329578,0,0.63037536,57.44329578,0,0.98467724,0.665396213,0.24923932,0,0.941014877,1.932514361,6.047692035,13.06641682,26.56036094,4.324393161,0.261974176,57.76257681
32,0,Palmeria2,initial,Palmeria,alga,prop,0.031621716,5.252146416,0.145974666,0.043020242,0.664056037,0.025370912,14.1981505,1.668597062,0.272093836,0.326144908,0,0,0,0,0,0,1.614545989,4.293199493,1.686246392,0.665526814,0,0.283124667,0.115456033,0.1110437,0.130899197,1.183608185,0.075009652,0,0.111779089,0.306289412,0,0,58.63328002,0.24304598,7.752100454,0,0,0,0.167668634,59.02744838,0,0.394168367,58.63328002,0,0.394168367,58.63328002,0,1.083595316,0.665526814,0.306289412,0,0.572132444,1.940690898,5.979445885,16.93085507,22.27051275,7.919769088,0.24304598,59.05134852
33,0,Palmeria3,initial,Palmeria,alga,prop,0.010628474,0.738649893,0.05372316,0.026600224,0.132129935,0.069869148,14.42893733,2.63818468,0.119468692,0.220642471,0,0,0.331689695,0.044488585,0.095656265,0.668432271,2.514534293,14.07715227,3.490146882,1.70613141,0.129981008,0.744457803,1.035782529,0.013648587,0.171565638,1.212517206,0.165990045,0.591651711,0.275933767,5.576057475,0.768328309,0.400629577,32.0856202,0.056859431,0.150599086,0.083750051,0.510979852,0,1.414980921,34.15282932,0.140144849,0.758106389,33.25457808,0,0.758106389,32.0856202,0,9.301715076,1.70613141,5.576057475,0,0.381463477,2.757653372,17.56729915,21.93780891,19.45765744,1.565580007,0.825187741,39.61754918
34,0,Palmeria4,initial,Palmeria,alga,prop,0.212862704,6.772131975,1.217714574,0.140909114,0.709542345,0.0829465,18.59800429,4.282737634,0.173388165,0.069455201,0.115425551,0.388249579,0.19187624,0,0,0,1.554997027,3.955948413,3.099500822,0.747517851,0,0.190876884,0.151902023,0,0.107930385,0.968375398,0,0,0,0,0,0,51.18048858,0.164393966,4.897840893,0,0,0,0,51.37136547,0,0.190876884,51.18048858,0,0.190876884,51.18048858,0,1.13576743,0.747517851,0,0,1.748871978,4.456125799,7.055449235,17.37779132,28.02242554,4.897840893,0.164393966,51.18048858
35,0,Palmeria5,initial,Palmeria,alga,prop,0.057639763,4.991935976,0.877343694,0.22335408,0.488275296,0.08424273,13.3059175,7.553580039,0.246631676,0.06207359,0.114171068,0.639025445,0.258270475,0,0,0,1.3035454,3.702800517,5.762313571,0.738232344,0,0.244968991,0.21226951,0,0.12802678,0.478853412,0,0,0,0.39183954,0,14.36615659,41.03396866,0.149087463,2.585475888,0,0,0,0,55.64509425,0,0.244968991,55.40012526,0,0.244968991,41.03396866,0,1.769097328,0.738232344,0.39183954,0,1.304653857,7.800211715,9.465114088,20.3296551,20.48095948,2.585475888,0.149087463,55.7919648
36,0,Palmeria6,initial,Palmeria,alga,prop,0.103085055,5.135978558,0.824211868,0.162124677,0.640533043,0.046856843,15.90602392,5.35620572,0.381414702,0.06278817,0.079656633,0.411403081,0.018274169,0,0,0,1.192038085,3.686696405,2.662874386,0.639595907,0,0.133073434,0.219758594,0,0.096056528,1.073958841,0,0,0.429208682,0.333620722,0,0,52.25803126,0.160250403,7.986280316,0,0,0,0,52.3911047,0,0.133073434,52.25803126,0,0.133073434,52.25803126,0,1.813828391,0.639595907,0.333620722,0,1.199066612,5.737620422,6.349570791,21.14743037,23.21053717,7.986280316,0.160250403,53.02086067
37,1839_Hgcombo.final_4132018_10.qgd,Himantothallus_combo,final,Himantothallus,alga,prop,0.120421661,5.349809487,0.468100611,0.241460869,0.594697742,0.083986389,21.40232568,11.38694876,1.451235403,0.094484688,0.298892738,0.506388524,0.105600534,0,0,0,2.483773953,10.62119051,4.289481322,3.386010091,0,4.130771748,4.328386782,0,3.70095905,0.293334815,0,0,0,10.83856704,0,0.431665339,7.839141363,0.109923362,1.7482755,0,0,0,2.290481748,12.40157845,0,4.130771748,8.270806702,0,4.130771748,7.839141363,0,14.73096566,3.386010091,10.83856704,0,1.008454218,12.83818416,14.91067183,29.79046631,36.23086376,4.038757248,0.109923362,19.10937375
38,1841_Hg1final_4132018_12.qgd,Himanthothallus1,final,Himantothallus,alga,prop,0.074442557,5.020055701,0.210190748,0.070939377,0.508836769,0,25.40417929,17.49662819,2.171095269,0.049920303,0.228582439,0.176910546,0,0,0,0,2.439088473,15.99639173,2.335744688,3.509309699,0,2.97682647,1.417911755,0,1.43717924,0.307403969,0,0,0,9.809777373,0,0.268868999,3.840360127,0,2.369900685,0,0,0,0.940603598,7.086055595,0,2.97682647,4.109229125,0,2.97682647,3.840360127,0,13.49599762,3.509309699,9.809777373,0,0.459792261,19.66772346,18.33213641,40.67716453,35.97852551,3.310504283,0,13.9190065
39,1842_Hg2final_4132018_13.qgd,Himanthothallus2,final,Himantothallus,alga,prop,0.031675448,4.285931837,0,0.032893735,0.436755703,0,23.36795297,13.92318704,1.796972558,0,0.248530442,0.37035909,0.411171687,0,0,0,2.167331648,11.22529163,1.338287698,3.19800201,0,3.783388664,3.554350806,0,1.469862638,0.320409344,0,0,0,13.63688971,0,0.412999117,8.504857917,0,2.736271434,0,0,0,2.390278074,12.7012457,0,3.783388664,8.917857034,0,3.783388664,8.504857917,0,17.20525081,3.19800201,13.63688971,0,0.064569183,15.7201596,12.56357933,31.3404197,34.36664332,5.126549508,0,22.55474675
40,1843_Hg3final_4132018_14.qgd,Himanthothallus3,final,Himantothallus,alga,prop,0.013342562,5.287407123,0.040444641,0.040444641,0.512854725,0,26.36865499,14.0480499,1.059065854,0,0.150520777,0.164697249,0.273105565,0,0,0,1.802913682,13.59982321,0.96233228,4.010273773,0,4.765796342,2.462119633,0,1.622372141,0.203891025,0,0,0.205558845,9.697123844,0,0.27519034,8.611789821,0,1.838354862,0,0,0,1.808751053,13.6527765,0,4.765796342,8.886980161,0,4.765796342,8.611789821,0,14.07765371,4.010273773,9.697123844,0,0.094231844,15.10711576,14.56215549,31.71151713,37.55347449,3.647105915,0,18.78966285
41,1844_Hg4final_4132018_15.qgd,Himanthothallus4,final,Himantothallus,alga,prop,0,5.71929126,0,0.064503285,0.687238702,0,25.1387617,9.940672905,3.110491738,0,0.281106908,0.130599243,0,0,0,0,2.269560024,16.17678678,1.352179972,4.513637269,0,3.330280709,2.436790762,0,1.635675891,0,0,0,0,14.07525383,0,0.291459287,5.089388811,0,1.063906032,0,0,0,2.073661159,8.711128807,0,3.330280709,5.380848099,0,3.330280709,5.089388811,0,18.71949034,4.513637269,14.07525383,0,0.064503285,13.05116464,17.52896675,31.64403743,37.80529564,3.137567191,0,19.45610193
42,1845_Hg5final_4132018_16.qgd,Himanthothallus5,final,Himantothallus,alga,prop,0,4.196659543,0,0,0.605949837,0,25.41333933,12.64199753,2.083567653,0,0.226352491,0.292430548,0,0,0,0,2.709200315,15.04611405,1.322967045,3.563997301,0,3.362951299,2.34366213,0,1.252671241,0,0,0,0,14.81273198,0,0,5.47604319,0,2.755595546,0,0,0,1.89376898,8.838994489,0,3.362951299,5.47604319,0,3.362951299,5.47604319,0,18.66915982,3.563997301,14.81273198,0,0,14.72556518,16.36908109,33.85024182,36.29794174,4.649364526,0,20.28877517
43,1846_Hg6final_4132018_17.qgd,Himanthothallus6,final,Himantothallus,alga,prop,0,4.899272421,0.537457497,0.185246121,0.743421935,0,21.64942172,21.08393356,1.240661524,0,0.315649641,0,0.347336478,0,0,0,2.476448149,11.44382289,3.910886866,3.45264646,0,2.960281769,1.51974943,0,1.713526623,0,0,0,0,7.959489598,0,0,7.704776181,0,2.698256005,0,0,0,1.262598564,10.66505795,0,2.960281769,7.704776181,0,2.960281769,7.704776181,0,11.41213606,3.45264646,7.959489598,0,0.722703618,22.32459508,15.35470976,40.37756084,33.06033905,3.96085457,0,15.66426578
44,1847_Hg1initial_4132018_19.qgd,Himanthothallus1,initial,Himantothallus,alga,prop,0,6.004503668,0,0,0.341257313,0,20.40695515,6.118256105,2.150849661,0,0.200807874,0.214736744,0,0,0,0,2.876311635,14.53361501,0.677871669,5.383508218,0,6.67773238,3.643560219,0,1.882718915,0,0,0,0,15.63051351,0.240273006,0,5.296452781,0,5.124663386,0,0,0,2.595412759,12.21445817,0,6.67773238,5.536725787,0,6.67773238,5.296452781,0,21.22875847,5.383508218,15.63051351,0,0,8.269105767,15.21148667,28.60525583,34.30796731,7.720076144,0.240273006,21.1672393
45,1848_Hg2initial_4132018_20.qgd,Himanthothallus2,initial,Himantothallus,alga,prop,0,5.549274255,0,0,0.3526356,0,18.96531704,5.01512605,3.402902979,0,0.146065699,0.317188694,0.124675325,0,0,0,1.831627196,11.66019862,0.349579832,4.249350649,0,3.954774637,3.659587471,0,1.156913675,0,0,0,0,19.06615737,0,5.679449962,9.501604278,0,0.745607334,0,0,0,4.271963331,19.13582888,0,3.954774637,15.18105424,0,3.954774637,9.501604278,0,23.63269672,4.249350649,19.06615737,0,0,8.41802903,12.00977846,21.17341482,32.27379679,5.017570665,0,34.24721161
46,1849_Hg3initial_4132018_21.qgd,Himanthothallus3,initial,Himantothallus,alga,prop,0,4.562675623,0,0,0.2691341,0,17.74876369,19.3502228,1.181817508,0,0.111212438,0.493041808,3.483914974,0,0,0,2.590508389,6.93594905,0.949754221,1.843902222,0,1.846126471,3.35416713,0,0.657636217,0,0,0,0,4.183811918,0,0,27.04908917,0,2.230921506,0,0,0,0.706569689,28.89521564,0,1.846126471,27.04908917,0,1.846126471,27.04908917,0,6.520755948,1.843902222,4.183811918,0,0,20.5320403,7.88570327,30.64866508,26.64650014,2.937491196,0,31.23290109
47,1850_Hg4initial_4132018_22.qgd,Himanthothallus4,initial,Himantothallus,alga,prop,0,5.571275372,0,0,0.425081075,0,20.24626278,5.678514671,1.585332765,0,0.206726359,0.271328346,0,0,0,0,4.370970451,17.66218329,0.781684045,5.68368283,0,5.523469902,3.128028218,0,1.474217347,0,0,0,0,14.98766102,0,0,6.814217605,0,3.682313268,0,0,0,1.907050661,12.33768751,0,5.523469902,6.814217605,0,5.523469902,6.814217605,0,20.9426722,5.68368283,14.98766102,0,0,7.263847436,18.44386733,29.39002804,34.20158404,5.589363929,0,21.80187863
48,1851_Hg5initial_4132018_23.qgd,Himanthothallus5,initial,Himantothallus,alga,prop,0,4.605591485,0,0,0.489891531,0,19.07419667,5.011967205,2.32622091,0,0.253602892,0.332026277,0,0,0,0,3.285634262,12.72088405,0.386006009,3.752100626,0,6.002953608,5.540561186,0,1.713092631,0,0,0,0,19.54779243,0,0,11.1707491,0,0.888119367,0,0,0,2.898609767,17.1737027,0,6.002953608,11.1707491,0,6.002953608,11.1707491,0,23.63191934,3.752100626,19.54779243,0,0,7.338188114,13.10689005,21.33319754,32.32061924,3.786729134,0,30.71854153
49,1852_Hg6initial_4132018_24.qgd,Himanthothallus6,initial,Himantothallus,alga,prop,0,7.21269356,0,0,0.361407089,0,22.10803186,6.05082465,0.967546538,0,0.186598261,0.214242448,0.459787872,0,0,0,2.255440417,14.84126952,0.486618994,5.586564925,0,5.471516324,3.103059968,0,1.931027754,0,0,0,0.317095084,12.75494648,0,0,11.16987759,0,2.27495396,0,0,0,2.246496709,16.64139392,0,5.471516324,11.16987759,0,5.471516324,11.16987759,0,18.87284894,5.586564925,12.75494648,0,0,7.018371188,15.32788851,24.62121366,36.30169565,4.521450669,0,24.24191916
50,1854_Dmcombo.final_4132018_26.qgd,Desmarestia_combo,final,Desmarestia,alga,prop,0.02392616,5.9756899,0.122818621,0.143066528,0.250996982,0.017970893,6.657673046,5.841311055,0.872586716,0,0.304279104,0.286588459,0.030371861,0,0.020282938,0,12.94972774,25.71971151,1.483597093,9.281808832,0.423244317,3.056943561,1.683413811,0.026273236,3.597611728,0.025362431,0,0.30627587,1.455257029,12.49859876,0.100328731,0.483602698,6.201219358,0.027604413,0.052966844,0,0,0,0,9.888650523,0.020282938,3.083216797,6.785150787,0,3.083216797,6.201219358,0,24.25177327,9.281808832,12.49859876,0,0.319167272,6.713897771,27.20330861,33.99553565,29.76358291,0.052966844,0.127933144,20.73900658
51,1855_DMF1_4132018_27.qgd,Desmarestia1,final,Desmarestia,alga,prop,0.004617256,5.792421113,0.034114757,0.036702773,0.207952973,0.00405848,8.285504051,5.047131302,1.249658852,0.003852615,0.25059642,0.085904488,0.051554457,0,0.026350709,0,10.76185311,24.15671849,0.265506922,10.39526652,0.545512615,4.112122267,2.041768227,0.008352234,2.744767502,0.035849904,0,0.287593286,1.364943205,12.06027254,0.105843976,0.521749922,9.173693522,0.024056786,0.239979672,0,0,0,0,13.94811263,0.026350709,4.120474501,9.80128742,0,4.120474501,9.173693522,0,24.73949265,10.39526652,12.06027254,0,0.102697183,6.296790154,24.42222541,30.99484514,28.06715196,0.239979672,0.129900761,23.22650317
52,1856_DMF2_4132018_28.qgd,Desmarestia2,final,Desmarestia,alga,prop,0.007152255,6.000082816,0.03801988,0.029455996,0.270750479,0.007340472,6.953591279,6.195358187,0.743928583,0,0.2414827,0.05966486,0.019386374,0,0.024844674,0,11.45480622,28.03947292,0.43346427,10.15563682,0.377375537,3.02060414,1.355352239,0,3.051377656,0.076133868,0,0.328909601,1.29625203,12.49583569,0.105213429,0.384057248,6.467332077,0.024562348,0.209203446,0,0,0,0,10.00205157,0.024844674,3.02060414,6.956602754,0,3.02060414,6.467332077,0,24.71367455,10.15563682,12.49583569,0,0.093261635,6.93928677,28.47293719,35.69756127,27.9966535,0.209203446,0.129775777,20.74869048
53,1857_DMF3_4132018_30.qgd,Desmarestia3,final,Desmarestia,alga,prop,0.007687305,5.950084505,0.037994089,0.033790958,0.232167665,0.007300174,9.222664165,4.308153631,0.980214315,0.005530435,0.274033059,0.076873048,0.040814611,0,0.043358611,0,9.274871473,24.85327756,0.316838626,9.610292361,0.453550982,3.417753582,2.124074205,0,2.923719815,0.058512003,0,0.370539151,1.752539576,15.50656573,0.126038616,0.485848723,7.177619878,0.029587828,0.243836883,0,0,0,0,11.25061941,0.043358611,3.417753582,7.789507216,0,3.417753582,7.177619878,0,27.77036085,9.610292361,15.50656573,0,0.101483484,5.288367946,25.17011618,30.76083302,27.90712851,0.243836883,0.155626443,25.04861252
54,1858_DMF4_4132018_31.qgd,Desmarestia4,final,Desmarestia,alga,prop,0.008167077,5.730624176,0.056013582,0.044177603,0.261849046,0.010453858,7.045171725,6.132268447,0.918406631,0.005327447,0.324496808,0.240539258,0.049128108,0,0.018068087,0,10.29245171,24.88895289,0.942631437,9.701381518,0.504750474,3.387326506,1.879659003,0.008342983,3.008725956,0.04194108,0,0.36915187,1.835129588,13.78705591,0.126627384,0.591070194,7.403819478,0.024777654,0.236794968,0,0,0,0,11.53525463,0.018068087,3.395669489,8.121517056,0,3.395669489,7.403819478,0,26.43800862,9.701381518,13.78705591,0,0.128034634,7.050675078,25.83158432,33.16099545,26.68809708,0.236794968,0.151405039,23.74370256
55,1859_DMF5_4132018_32.qgd,Desmarestia5,final,Desmarestia,alga,prop,0.013064419,5.882597818,0.025486688,0.028675292,0.254689739,0.004251472,8.1191599,5.684550085,0.91198501,0.00121787,0.327850485,0.113594015,0.047009765,0,0.018223757,0,10.44312073,24.4629472,0.264366266,10.1013201,0.536504754,3.25253101,1.924145327,0.014016571,3.06068334,0.036425371,0,0.389541113,1.961832854,14.09695083,0.106906804,0.538431202,7.056801215,0.023870243,0.213370746,0,0,0,0.003786467,10.98691056,0.018223757,3.266547581,7.702139221,0,3.266547581,7.056801215,0,27.19974367,10.1013201,14.09695083,0,0.089502341,6.596535095,24.72731347,31.57364468,28.11575872,0.217157213,0.130777047,23.76092291
56,1860_DMF6_4132018_33.qgd,Desmarestia6,final,Desmarestia,alga,prop,0.15803036,9.643637874,0.160961372,0.297986151,0.424996642,0.020517079,24.7312629,3.952224515,2.129868227,0.013067425,0.218482469,0.028699486,0.06094061,0,0,0,2.133409865,21.62610066,0.467740557,3.816909493,0.31447309,3.356862841,3.201397115,0.025524224,1.444866456,0.085976332,0,0.126644114,0.502302065,13.43819841,0.060207858,0.471526446,6.231940696,0.055689215,0.650196011,0,0,0,0,10.14606206,0,3.382387064,6.763675,0,3.382387064,6.231940696,0,18.22722665,3.816909493,13.43819841,0,0.650562388,6.082092742,22.09384121,28.9121063,38.65234542,0.650196011,0.115897073,20.70417547
57,1861_DMI1_4132018_34.qgd,Desmarestia1,initial,Desmarestia,alga,prop,0.007215199,5.025734984,0.03230547,0.01131157,0.169394245,0.006796252,7.428721984,5.344460566,0.899572348,0.00423602,0.252066456,0.094402728,0.129920125,0,0.024019629,0,10.04960798,23.73791047,0.427931105,9.859499135,0.610871303,4.799782892,3.638601406,0,2.129368046,0.035051901,0,0.243873714,1.305811307,12.27826647,0.078389642,0.455116111,10.51934069,0.018759516,0.283161635,0,0,0,0,15.87664896,0.024019629,4.799782892,11.05284644,0,4.799782892,10.51934069,0,24.39272466,9.859499135,12.27826647,0,0.080391278,6.244032914,24.16584157,30.72808802,25.07365321,0.283161635,0.097149159,24.63692422
58,1862_DMI2_4132018_35.qgd,Desmarestia2,initial,Desmarestia,alga,prop,0.002859574,5.885354166,0.018812986,0.006873011,0.177143075,0.00554356,7.161602044,5.463391435,0.843423783,0.011764387,0.29039725,0.109240738,0.230722459,0,0.028194395,0,10.69111887,23.87500853,0.463953316,10.34684122,0.551195402,3.981806087,2.719956414,0.036421941,2.840309356,0.037500552,0,0.34407697,1.394318177,12.26722065,0.120202438,0.516554424,9.088453141,0.020017017,0.15695047,0,0,0,0.050017458,13.77163243,0.028194395,4.018228027,9.725210003,0,4.018228027,9.088453141,0,25.01289317,10.34684122,12.26722065,0,0.065168183,6.306815217,24.33896184,30.84022808,27.11595923,0.206967929,0.140219455,23.38674884
59,1863_DMI3_4132018_36.qgd,Desmarestia3,initial,Desmarestia,alga,prop,0.005798929,5.53161301,0.017472096,0.009564467,0.155328443,0.003163052,7.421574198,4.613198286,0.888666973,0,0.232747905,0.12234233,0.129572163,0,0.015965881,0,8.508346127,23.15975333,0.333852601,9.562621462,0.542915272,4.60615673,4.411139516,0.020446871,2.169401765,0.023685234,0,0.287762416,1.583860603,13.61784232,0.112288344,0.617962445,10.98384848,0.022630884,0.206313828,0,0,0,0,16.35666875,0.015965881,4.626603601,11.71409927,0,4.626603601,10.98384848,0,25.71734441,9.562621462,13.61784232,0,0.052868154,5.501865259,23.49360593,29.22547025,24.04164233,0.206313828,0.134919227,26.91580219
60,1864_DMI4_4132018_37.qgd,Desmarestia4,initial,Desmarestia,alga,prop,0.005302729,5.49935132,0.024645636,0.008857967,0.160287022,0.004037305,7.304086777,3.846707759,0.895920093,0,0.237779169,0.081770485,0.053509352,0,0.024103312,0,8.265025553,22.66922483,0.296530991,9.796791006,0.540938571,4.763115666,4.719307898,0.039951239,2.602012747,0.054111935,0,0.376975794,1.635891759,15.38417967,0.144860903,0.579443611,9.549310254,0.020849365,0.40475486,0,0,0,0,15.10078498,0.024103312,4.803066905,10.27361477,0,4.803066905,9.549310254,0,27.81654728,9.796791006,15.38417967,0,0.05320806,4.742627851,22.96575582,28.16725047,24.08939195,0.40475486,0.165710267,27.2936862
61,1865_DMI5_4132018_38.qgd,Desmarestia5,initial,Desmarestia,alga,prop,0.007194746,6.213311263,0.00858007,0.00858007,0.174997676,0.005675359,8.247100651,4.982160605,0.945148328,0,0.262407139,0.117663146,0.312412859,0,0.013451047,0,8.57519895,23.83239548,0.432533838,9.526782331,0.519675173,3.817818303,2.891572941,0.046922257,2.285292688,0.041112835,0,0.26383715,1.570018733,13.76144903,0.100234879,0.533573099,10.01432693,0.027483036,0.256999907,0,0,0,0.064395212,14.52632651,0.013451047,3.86474056,10.64813491,0,3.86474056,10.01432693,0,25.75942556,9.526782331,13.76144903,0,0.047950078,5.927308933,24.26492932,30.490351,25.85018662,0.321395119,0.127717916,25.97960267
62,1866_DMI6_4132018_39.qgd,Desmarestia6,initial,Desmarestia,alga,prop,0.058590889,7.756399762,0.063760673,0,0.233501926,0,15.40337242,3.16132312,1.530256163,0,0.200759958,0.132691131,0.776329281,0,0,0,2.422905591,14.89845682,0.984843916,4.77171094,0.352406965,4.851842597,6.796543138,0,0.805624725,0,0,0,0.510085388,16.36322905,0,0.614342705,15.08284579,0,2.228177048,0,0,0,0,20.5490311,0,4.851842597,15.6971885,0,4.851842597,15.08284579,0,22.13012347,4.77171094,16.36322905,0,0.122351563,4.691579283,15.88330073,22.80305707,26.82256439,2.228177048,0,32.57050293
63,1801_D1_4112018_7.qgd,diatom1,initial,diatom,alga,conc,0.001208312,0.430720202,0.004905173,0.001985085,0.024151862,0.004027708,1.160727867,0.97938032,0.026582872,0.008515725,0,0,1.104685189,0.001237082,0,0.06753603,0.105583485,0.376504377,0.185044407,0.041025081,0.01859938,0.069233421,0.079432153,0.023504552,0.005379867,0.022598318,0.005279174,0.00742249,0,0.066960643,0,0.007738953,0.941865098,0.001352159,0.004617479,0.005581252,0.015161443,0.033573822,0.228946422,1.077152928,0.001237082,0.092737973,0.949604051,0.033573822,0.092737973,0.941865098,0.033573822,0.149169038,0.041025081,0.066960643,0,0.020642003,1.005963192,0.561548784,1.6055882,1.956861864,0.233563902,0.034925981,1.050138516
64,1802_D2_4112018_8.qgd,diatom2,initial,diatom,alga,conc,0.00142313,0.424919195,0.003320638,0.001147686,0.017995714,0.001208896,0.854322017,0.973283477,0.023550513,0.002371884,0,0,1.334391341,0.007896078,0,0.01723059,0.041622739,0.119389929,0.028692145,0.03081919,0.010558709,0.067652253,0.019587171,0.005141632,0.00321352,0,0.003550175,0,0,0.069259013,0,0,0.470153319,0,0,0,0.007054442,0.005141632,0.126582094,0.555984915,0.007896078,0.072793885,0.470153319,0.005141632,0.072793885,0.470153319,0.005141632,0.117691354,0.03081919,0.069259013,0,0.009472234,0.99683399,0.148082075,1.148466239,1.468655279,0.126582094,0.005141632,0.544553965
65,1803_D3_4112018_9.qgd,diatom3,initial,diatom,alga,conc,0.001382611,0.505187701,0.002544005,0.001585394,0.020757603,0.00095861,0.88883466,1.017417502,0.026306483,0,0,0,1.296483749,0.004995835,0,0.023393782,0.045331213,0.108728546,0.023817782,0.030343707,0.011669239,0.065093336,0.023946826,0.005290792,0.004276877,0,0,0,0,0.081168495,0,0,0.482310094,0,0,0,0.006230968,0,0.10380645,0.557690058,0.004995835,0.070384128,0.482310094,0,0.070384128,0.482310094,0,0.129412409,0.030343707,0.081168495,0,0.00647062,1.043723985,0.132546328,1.176270313,1.568194504,0.10380645,0,0.56347859
66,1804_D4_4112018_10.qgd,diatom4,initial,diatom,alga,conc,0.00142912,0.559990868,0.003586811,0.002045603,0.022697788,0.003348624,1.166806432,1.174708625,0.029955476,0.006963457,0,0,1.702516271,0.005296151,0,0.033962617,0.095078514,0.137671894,0.094251866,0.038207944,0.015762353,0.085537036,0.04615217,0.014655486,0.003390657,0.015818397,0.006248897,0.012175542,0,0.104297739,0,0,0.939688439,0,0,0,0.014963727,0.047917553,0.282125103,1.093094664,0.005296151,0.100192521,0.939688439,0.047917553,0.100192521,0.939688439,0.047917553,0.185407305,0.038207944,0.104297739,0,0.017373616,1.204664101,0.23192376,1.458655156,2.130089362,0.282125103,0.047917553,1.091903731
67,1805_D5_4112018_11.qgd,diatom5,initial,diatom,alga,conc,0.001841479,0.600095133,0.009156944,0.003657732,0.034735844,0.005953275,2.135056196,1.543134203,0.045709041,0.01243629,0,0,1.806591833,0.010998423,0,0.166414208,0.185257836,1.184701661,0.663134257,0.100448897,0.040941376,0.117274466,0.197744577,0.051662316,0.008677655,0.068311304,0.021290525,0.007794754,0,0.145830004,0,0,2.815671891,0.008450623,0,0,0.041042279,0.029438439,0.651000676,3.025045534,0.010998423,0.168936782,2.815671891,0.029438439,0.168936782,2.815671891,0.029438439,0.33605731,0.100448897,0.145830004,0,0.03304572,1.588843244,1.847835918,3.526280991,3.623273962,0.651000676,0.037889062,2.990940333
68,1806_D6_4112018_12.qgd,diatom6,initial,diatom,alga,conc,0.001176765,0.52335629,0.002982492,0.001420234,0.017347146,0.001197055,1.008812618,1.179443608,0.019964435,0,0,0,1.664230396,0.007628686,0,0.020410794,0.042870783,0.140400292,0.033781284,0.039198463,0.012579217,0.0819678,0.025503348,0.005843249,0.003936078,0,0,0,0,0.085274917,0,0,0.583066993,0,0,0,0.005437468,0,0.144011744,0.678506729,0.007628686,0.08781105,0.583066993,0,0.08781105,0.583066993,0,0.142490065,0.039198463,0.085274917,0,0.006776546,1.199408043,0.174181576,1.373589619,1.740334659,0.144011744,0,0.66834191
69,1807_DF1s1_4112018_13.qgd,diatom1_subsample1,final,diatom,alga,conc,0.004050695,1.255905538,0.01454827,0.008747979,0.04393007,0.002472255,2.868519436,5.447100413,0.08183164,0.003898556,0,0,1.415061707,0.009965089,0,0.127168993,0.086662046,0.237450584,0.147156224,0.099156443,0.45352567,0.070763545,0.329817834,0.009508673,0.007949251,0,0,0,0.009736881,0.153431948,0,0.016526074,1.720974737,0.005172718,0,0,0.015137808,0.016925438,0.172943746,1.844663556,0.009965089,0.080272218,1.737500811,0.016925438,0.080272218,1.720974737,0.016925438,0.73098875,0.099156443,0.153431948,0,0.033717755,5.528932054,0.384606808,5.913538862,4.441082804,0.172943746,0.022098156,1.917595078
70,1808_DF1s2_4112018_14.qgd,diatom1_subsample2,final,diatom,alga,conc,0.005071633,1.21144779,0.016378286,0.008779924,0.046499061,0.003344733,2.8363155,5.330232125,0.083036635,0.008234587,0,0,1.372849341,0.001945035,0,0.129063071,0.099614877,0.269105592,0.175380354,0.099742123,0.456101622,0.072984258,0.323893775,0.007216625,0.009125304,0.005144345,0.00467172,0.007034846,0.010652248,0.156184494,0,0.018468744,1.786341972,0.002926641,0,0,0.016323752,0.019141326,0.214735501,1.906097959,0.001945035,0.080200883,1.804810715,0.019141326,0.080200883,1.786341972,0.019141326,0.746039085,0.099742123,0.156184494,0,0.041809164,5.41326876,0.444485946,5.86757077,4.420664676,0.214735501,0.022067967,1.990788783
71,1809_DF1s3_4112018_15.qgd,diatom1_subsample3,final,diatom,alga,conc,0.005037284,1.309912804,0.014473065,0.009162016,0.049569793,0.002409136,2.973548788,5.72956357,0.089649051,0.004416749,0,0,1.464115743,0.00461751,0,0.129345038,0.098519051,0.234598718,0.164259255,0.100909936,0.473084905,0.071197261,0.333701802,0.008504979,0.005584815,0.000419774,0,0,0.010585596,0.159094214,0,0.017155967,1.798912606,0.001551337,0,0,0.016973456,0.018378786,0.195395509,1.918767109,0.00461751,0.079702241,1.816068573,0.018378786,0.079702241,1.798912606,0.018378786,0.760648107,0.100909936,0.159094214,0,0.03549825,5.819212621,0.398857973,6.218490368,4.634082098,0.195395509,0.019930123,2.004127168
72,1810_DF2s1_4112018_16.qgd,diatom2_subsample1,final,diatom,alga,conc,0.004608676,1.363146308,0.015043414,0.008521702,0.049173701,0.002239121,3.305985774,6.353320488,0.092195255,0.003217377,0,0,1.421841708,0.00452172,0,0.135955937,0.091325694,0.249498926,0.129260313,0.10721693,0.536236823,0.081130086,0.357433245,0.007565185,0.006391277,0,0,0,0.010369521,0.132912472,0,0.015630368,1.722340415,0,0,0,0.013521681,0.012826032,0.162477562,1.844013804,0.00452172,0.088695271,1.737970782,0.012826032,0.088695271,1.722340415,0.012826032,0.800257426,0.10721693,0.132912472,0,0.03363029,6.445515743,0.37875924,6.824274983,4.978500317,0.162477562,0.012826032,1.894078806
73,1811_DF2s2_4112018_18.qgd,diatom2_subsample2,final,diatom,alga,conc,0.003298008,1.155581679,0.01364635,0.006983028,0.042470268,0.001615351,3.103863179,5.95411626,0.083695371,0.003499927,0,0,1.373872801,0.003802805,0.002910997,0.12719206,0.08497419,0.203399606,0.130523721,0.096029248,0.504225065,0.075601789,0.355394033,0.011711294,0.005535942,0,0,0,0.011357936,0.145886382,0,0.014554985,1.701856349,0,0,0,0.01492517,0.017735207,0.174289636,1.828173427,0.006713802,0.087313084,1.716411334,0.017735207,0.087313084,1.701856349,0.017735207,0.772423801,0.096029248,0.145886382,0,0.029042664,6.037811631,0.333923327,6.371734958,4.566714894,0.174289636,0.017735207,1.891390859
74,1812_DF2s3_4112018_19.qgd,diatom2_subsample3,final,diatom,alga,conc,0.003975571,1.207428971,0.014275913,0.007308625,0.0442734,0.001887392,3.113474116,5.903581747,0.082382657,0.004156278,0,0,1.296959623,0.006164142,0.003172425,0.124507642,0.116195085,0.243674366,0.154103556,0.100473511,0.491043201,0.071801214,0.335614455,0.006806659,0.007208231,0,0.005300761,0,0.004156278,0.134486726,0,0.013753868,1.696986353,0,0,0,0.015380238,0.02212666,0.171832995,1.820811321,0.009336567,0.078607873,1.710740221,0.02212666,0.078607873,1.696986353,0.02212666,0.745539954,0.100473511,0.134486726,0,0.031603778,5.985964404,0.397777922,6.389043086,4.660412798,0.171832995,0.02212666,1.871509885
75,1813_GIs1_4112018_20.qgd,gondo_1,initial,wild,amphipod,conc,0.020072485,2.804727108,0.071962411,0.024746899,0.194282797,0.034940264,14.09127707,9.624501087,0.190197595,0.12053311,0,0,2.834600151,0.309159473,1.03116007,8.62967575,1.320855911,8.054644236,3.975648236,1.739215986,0.72958179,2.054228297,7.28509424,0.722864774,0.054835986,0.752718176,0.234408126,0.259076463,0.191611703,0.69933558,0.664847044,0.726458967,32.64182748,0.044839024,0.187192614,0.080388141,1.271578157,1.194253918,7.3188168,39.34480002,1.340319543,2.777093071,34.03313349,1.194253918,2.777093071,32.64182748,1.194253918,4.890399679,1.739215986,0.69933558,0,0.272255169,9.814698682,12.03029247,23.09969821,25.82963469,7.506009414,1.903939987,36.11833469
76,1814_GIs2_4112018_21.qgd,gondo_1,initial,wild,amphipod,conc,0.018179703,3.044164113,0.067767428,0.026013233,0.194606573,0.033797496,14.9328521,9.424426832,0.185073314,0.119572191,0,0,2.568806766,0.401751722,1.309332731,8.814914119,1.448710452,9.316432501,3.941103345,2.068396902,0.699253441,2.411742018,7.753667817,0.696198857,0.052198902,0.803109304,0.225916061,0.305606221,0.190591273,0.667402011,0.753028903,0.962514257,33.22338197,0.053381322,0.19280831,0.073802695,1.220922226,1.226834325,7.447026979,40.98478479,1.711084453,3.107940875,34.93892513,1.226834325,3.107940875,33.22338197,1.226834325,5.152172074,2.068396902,0.667402011,0,0.265330051,9.609500147,13.25753585,24.16267236,27.17294045,7.639835289,2.03324455,37.02375274
77,1815_GIs3_4112018_22.qgd,gondo_1,initial,wild,amphipod,conc,0.023525863,3.414372464,0.078884299,0.031400546,0.23547464,0.039825083,15.53058448,10.91688396,0.22650025,0.129549345,0,0,3.315732724,0.409719197,1.379483533,10.4447957,1.369625451,8.773654306,4.266055821,2.066112738,0.850662202,2.49291666,8.800891678,0.847343445,0.061701386,0.86920011,0.26453831,0.315439008,0.219234333,0.771267325,0.76364793,0.75031399,34.65781776,0.051862941,0.223495695,0.092964469,1.463198686,1.327542042,7.776711511,42.62878455,1.78920273,3.340260105,36.17177968,1.327542042,3.340260105,34.65781776,1.327542042,5.685914291,2.066112738,0.771267325,0,0.303185136,11.14338421,13.03971013,25.63329292,28.44033287,8.000207206,2.143052913,38.48982337
78,1817_G2s1_4112018_24.qgd,gondo2,initial,wild,amphipod,conc,0.01128838,1.81152251,0.038619678,0.012309293,0.12217411,0.019061903,9.415646718,6.296786847,0.115086058,0.070311733,0,0,1.88424068,0.216229361,0.719451935,5.902393593,0.842005242,4.774270207,2.521552877,0.880158217,0.42370804,1.310852218,4.839448206,0.454597949,0.036169487,0.489498587,0.153428631,0.16419197,0.115684021,0.425472761,0.432881672,0.530903899,22.05958059,0.029139772,0.124405534,0.048930899,0.853862416,0.8470223,5.137729799,26.57151992,0.935681296,1.765450167,23.02336616,0.8470223,1.765450167,22.05958059,0.8470223,2.863077425,0.880158217,0.425472761,0,0.151590987,6.411872905,7.295823084,14.52395964,17.39438764,5.262135333,1.309043744,24.41154524
79,1818_G2s2_4112018_25.qgd,gondo2,initial,wild,amphipod,conc,0.016732815,2.578100159,0.062857795,0.018681758,0.184447244,0.030305183,13.28906838,8.938220385,0.182761672,0.109685096,0,0,2.796627565,0.288232837,0.916810784,8.429019573,1.152948908,6.867898835,3.701340858,1.34494611,0.645100066,1.717931622,6.784463014,0.705833337,0.053148197,0.717017811,0.229729437,0.236366378,0.182129582,0.65340502,0.608754916,0.620255435,31.02818769,0.042367558,0.195122534,0.073480411,1.311059087,1.234681599,7.236933787,37.12068822,1.205043622,2.423764959,32.25719804,1.234681599,2.423764959,31.02818769,1.234681599,4.373006243,1.34494611,0.65340502,0,0.238262646,9.120982056,10.56923969,20.90557194,24.53701423,7.432056322,1.885804073,34.32741424
80,1819_G2s3_4112018_26.qgd,gondo2,initial,wild,amphipod,conc,0.014772297,2.485956062,0.055584721,0.016938251,0.162324907,0.027354302,13.2014442,8.653280395,0.158601412,0.099901611,0,0,2.599851199,0.264830531,0.849248869,8.013326008,1.137807553,6.802387069,3.564674429,1.230164828,0.585221445,1.606481176,6.455347613,0.634722024,0.04750498,0.640051733,0.205814354,0.211752476,0.163420053,0.575632838,0.530877889,0.785584408,30.26692695,0.041347829,0.169869243,0.071792875,1.120212215,1.133816356,6.691801705,36.0724882,1.1140794,2.2412032,31.58338925,1.133816356,2.2412032,30.26692695,1.133816356,3.886403855,1.230164828,0.575632838,0,0.214551182,8.811881807,10.3670615,20.26647151,23.76818724,6.861670948,1.706042074,33.45625849
81,1820_GFP1_4112018_27.qgd,gondo1,final,Palmeria,amphipod,conc,0.011251879,0.646552041,0.077957829,0.021834544,0.213241261,0.031407716,7.512001896,1.65303945,0.061953392,0.19141806,0,0,0.30042064,0.027857475,0.038270001,0.604221382,0.995814004,5.828654964,1.992081713,0.52032002,0.082415479,0.256944377,0.624706154,0.060410796,0.035876708,0.802206819,0.116794961,0.239431371,0.082528905,0.547701105,0.369485855,0.218957942,16.64625937,0.0403457,0.265462685,0.058289726,0.325839453,1.035819426,5.795545855,18.65400524,0.066127476,0.317355173,17.23470317,1.035819426,0.317355173,16.64625937,1.035819426,1.798236333,0.52032002,0.547701105,0,0.333870028,1.714992842,7.820736677,10.77848371,15.23937747,6.06100854,1.445650981,18.9007526
82,1821_GFP2_4112018_29.qgd,gondo2,final,Palmeria,amphipod,conc,0.013529971,0.834774774,0.084679932,0.023955012,0.234525777,0.033175716,9.001307459,2.220289011,0.075779131,0.196024635,0,0,0.408665354,0.038614049,0.072730653,0.933549211,1.100933211,6.924183987,2.460403664,0.669630088,0.128920493,0.388624437,1.056636197,0.024745358,0.040514643,0.900599308,0.132702863,0.267042871,0.099414241,0.585740502,0.416738174,0.335577163,21.01097302,0.045313173,0.307406973,0.06443202,0.381473687,1.037404443,6.285302123,23.32540729,0.111344702,0.413369795,21.76328835,1.037404443,0.413369795,21.01097302,1.037404443,2.132221881,0.669630088,0.585740502,0,0.351365266,2.296068142,9.384587651,13.08579696,17.54267116,6.592709096,1.49945579,23.48584754
83,1822_GFP3_4112018_30.qgd,gondo3,final,Palmeria,amphipod,conc,0.013582729,0.800480342,0.089253783,0.024841141,0.239244882,0.033673547,8.501248538,2.170055242,0.075772743,0.205193634,0,0,0.413118341,0.036753267,0.055986992,0.850366002,1.139961407,6.64034202,2.361564458,0.635294019,0.112831077,0.3386385,0.880160844,0.013030704,0.040079946,0.865532172,0.13043778,0.262182989,0.092464247,0.586192817,0.410212945,0.285222783,18.90531394,0.045135336,0.3003599,0.061216706,0.359208708,1.029425594,6.042614779,21.07458472,0.092740259,0.351669204,19.60074967,1.029425594,0.351669204,18.90531394,1.029425594,2.048173855,0.635294019,0.586192817,0,0.366544834,2.245827985,9.001906478,12.60528102,16.80876523,6.342974679,1.484773875,21.30883232
84,1823_GFDM1_4112018_31.qgd,gondo1,final,Desmarestia,amphipod,conc,0.004004847,0.353812856,0.02306638,0.012900229,0.055740543,0.029593511,6.019266237,1.126344049,0.053526324,0.090840719,0,0,0.128790498,0.029940084,0.078672145,0.323564706,1.079325601,5.855953186,1.473071406,0.787992214,0.056510706,0.3979817,0.526040544,0.006584893,0.073242496,0.50305118,0.062286928,0.256406498,0.120877074,2.289829206,0.348460223,0.182817428,12.98436958,0.026493605,0.069122124,0.033521342,0.233628929,0.665728847,5.862518825,14.69455491,0.108612229,0.404566594,13.51564724,0.665728847,0.404566594,12.98436958,0.665728847,3.745244626,0.787992214,2.289829206,0,0.160405687,1.179870373,7.329024591,9.176876539,13.47040016,5.931640949,1.040682676,16.59208236
85,1824_GFDM2_4112018_32.qgd,gondo2,final,Desmarestia,amphipod,conc,0.002649354,0.252477328,0.01996116,0.01003114,0.046980522,0.027100258,5.502788255,0.781134597,0.041135765,0.086902842,0,0,0.068660728,0.018788164,0.044695201,0.164684627,0.938841918,5.284914316,1.280648976,0.650102828,0.038223498,0.291974942,0.323908754,0.005864981,0.061157597,0.458540408,0.053715138,0.236196949,0.093313873,2.081340252,0.328034465,0.140193274,12.34938527,0.022873427,0.062472162,0.028050789,0.190308527,0.604275078,5.113495073,13.78321137,0.063483365,0.297839923,12.817613,0.604275078,0.297839923,12.34938527,0.604275078,3.289485926,0.650102828,2.081340252,0,0.146644754,0.822270361,6.565563292,7.99061215,11.93861412,5.175967234,0.955182969,15.59654221
86,1825_GFDM3_4112018_33.qgd,gondo3,final,Desmarestia,amphipod,conc,0.004173414,0.315092772,0.023458257,0.011924041,0.055377996,0.029855963,5.913888432,1.090774541,0.053451805,0.092319591,0,0,0.140818333,0.018230024,0.040725185,0.281934767,1.034571035,5.754817145,1.420497194,0.712759525,0.052305263,0.319082739,0.4252067,0.006076675,0.069434605,0.495741986,0.068654957,0.253913271,0.108417046,2.271002317,0.310873496,0.174366162,13.09179396,0.024857038,0.066017909,0.035474021,0.21435756,0.599870964,5.484370733,14.5610192,0.058955208,0.325159414,13.57703362,0.599870964,0.325159414,13.09179396,0.599870964,3.612754982,0.712759525,2.271002317,0,0.161731266,1.144226346,7.175314339,8.985429558,12.89759261,5.550388642,0.935601498,16.55632394
87,1826_GFD1_4112018_34.qgd,gondo1,final,diatom,amphipod,conc,0.003465013,0.759281477,0.016522195,0.005958132,0.067293082,0.008641404,7.529092342,4.968363427,0.078089555,0.046693159,0,0,1.45727026,0.015317892,0.015465788,0.256960273,0.938553629,5.350888155,1.795594947,0.472572802,0.45681122,0.246797644,0.496574354,0.008599147,0.027382052,0.531435762,0.087935262,0.192308206,0.089562128,0.950807943,0.308343876,0.149904057,13.62090163,0.026029852,0.070610198,0.038537702,0.344303947,0.714405337,5.938419093,15.07973537,0.03078368,0.255396791,14.07914956,0.714405337,0.255396791,13.62090163,0.714405337,2.506366246,0.472572802,0.950807943,0,0.081279902,5.046452982,7.146483102,12.92145501,15.28605153,6.009029291,1.048779065,15.83392497
88,1827_GFD2_4112018_35.qgd,gondo2,final,diatom,amphipod,conc,0.003318159,0.787263899,0.017061891,0.005182063,0.069496993,0.00915566,7.711196225,5.247586211,0.082626251,0.049137426,0,0,1.550645247,0.016263075,0.02021619,0.260577878,0.930702578,5.471111316,1.837932255,0.48275114,0.494077942,0.25277406,0.506551761,0.03602865,0.028839306,0.530557206,0.090266209,0.193108649,0.083363619,0.891683489,0.306089908,0.142435039,13.28865248,0.025152463,0.078181556,0.042869792,0.344678866,0.709614886,5.702092037,14.77207429,0.036479264,0.28880271,13.73717743,0.709614886,0.28880271,13.28865248,0.709614886,2.489663705,0.48275114,0.891683489,0,0.083855198,5.330212462,7.309043572,13.3811308,15.2547435,5.780273594,1.040857257,15.42183942
89,1828_GFD3_4112018_36.qgd,gondo3,final,diatom,amphipod,conc,0.002887372,0.709272451,0.015933366,0.00549305,0.063663039,0.007817032,7.234998018,4.863426581,0.080723184,0.047624038,0,0,1.47130987,0.01639112,0.01677845,0.240180082,0.930297282,5.242042081,1.764466192,0.464550039,0.454708325,0.231500359,0.454778749,0.033011117,0.027465249,0.533195556,0.085353543,0.202292123,0.085846509,0.895648814,0.303332549,0.1380833,12.60910217,0.027500461,0.072659668,0.039595734,0.33861483,0.724871304,5.714497183,14.07307037,0.03316957,0.264511475,13.05051802,0.724871304,0.264511475,12.60910217,0.724871304,2.44166064,0.464550039,0.895648814,0,0.079754858,4.944149765,7.006508273,12.68146254,14.70769368,5.787156851,1.055704313,14.75688465
90,1829_GFH1_4112018_37.qgd,gondo1,final,Himantothallus,amphipod,conc,0.001210022,0.046811255,0.004745186,0.00116257,0.020522927,0.008707415,4.253869024,0.178561332,0.016845409,0.036727736,0,0,0,0,0,0,0.800180637,3.709857228,0.879235428,0.226511431,0.004246941,0.075068835,0.028115224,0.020190764,0.025102031,0.389674636,0.038246195,0.134953077,0.023559846,0.85026607,0.224589631,0.051959782,10.31247446,0.021685498,0.037653047,0.027095009,0.118748268,0.444600159,5.12489528,11.12888363,0,0.0952596,10.58902387,0.444600159,0.0952596,10.31247446,0.444600159,1.358285633,0.226511431,0.85026607,0,0.05255293,0.19540674,4.589092656,5.277168284,10.29306665,5.162548327,0.690875288,11.90744995
91,1830_GFH2_4112018_38.qgd,gondo2,final,Himantothallus,amphipod,conc,0.001068122,0.03757002,0.003784866,0.000859141,0.017113167,0.006989231,3.720244673,0.154041726,0.008219893,0.031811451,0,0,0,0,0,0,0.644588228,3.290441788,0.734774852,0.185620976,0.015255564,0.068406229,0.01897077,0.016184366,0.022918177,0.330444347,0.032786692,0.116703906,0.022918177,0.789597359,0.184390314,0.050526801,8.839101837,0.016811307,0.030186048,0.025611701,0.112524299,0.406675729,4.819481226,9.565285275,0,0.084590595,9.074018951,0.406675729,0.084590595,8.839101837,0.406675729,1.242620282,0.185620976,0.789597359,0,0.044512811,0.162261619,4.025216639,4.606507046,9.278726798,4.849667274,0.607877349,10.29321022
92,0,gondo3,final,Himantothallus,amphipod,conc,0.001254378,0.036878699,0.004125508,0.002062754,0.014857405,0.008055891,3.616035835,0.144978164,0.019289538,0.037854325,0,0,0,0,0,0,0.638701148,3.17987484,0.754800755,0.187654874,0,0.069436763,0.014272028,0.012850401,0.023442922,0.325943025,0.028655557,0.116852233,0.014132653,0.688123622,0.220631065,0.056112487,9.412235516,0.019735539,0.027986556,0.024892425,0.102970455,0.385790769,4.756906109,10.157057,0,0.082287164,9.688979068,0.385790769,0.082287164,9.412235516,0.385790769,1.109733838,0.187654874,0.688123622,0,0.053352856,0.164267703,3.934675595,4.50642086,9.106557656,4.784892665,0.626157373,10.77702611
93,0,Palmeria1,initial,Palmeria,alga,conc,0.002296212,0.251021169,0.015508843,0.002634998,0.027253404,0.00146807,0.741958873,0.077130145,0.002842033,0.017033378,0,0,0,0,0,0,0.054563273,0.161619463,0.088648849,0.027535725,0,0.011744561,0.0154712,0.014341916,0.006154602,0.038866215,0,0,0.002898497,0.010314134,0,0,2.377144305,0.010841133,0.171613632,0,0,0.007340351,0,2.410571132,0,0.026086477,2.377144305,0.007340351,0.026086477,2.377144305,0.007340351,0.040748356,0.027535725,0.010314134,0,0.038941501,0.079972179,0.250268312,0.540720338,1.091792453,0.171613632,0.018181484,2.397697286
94,0,Palmeria2,initial,Palmeria,alga,conc,0.001309053,0.217424502,0.006042952,0.00178092,0.027490104,0.001050286,0.587764613,0.069075356,0.011263941,0.013501508,0,0,0,0,0,0,0.06683779,0.177726721,0.06980599,0.027550991,0,0.011720587,0.004779564,0.004596906,0.005418869,0.048998143,0.003105195,0,0.004627349,0.012679544,0,0,2.42725749,0.010061439,0.320915765,0,0,0.006941023,0,2.450516005,0,0.016317493,2.42725749,0.006941023,0.016317493,2.42725749,0.006941023,0.044857884,0.027550991,0.012679544,0,0.023684719,0.080339297,0.247532712,0.700891111,0.914997317,0.320915765,0.017002462,2.451505406
95,0,Palmeria3,initial,Palmeria,alga,conc,0.003573052,0.248317365,0.01806051,0.008942393,0.044419092,0.023488425,4.850681944,0.88689794,0.040162669,0.074175002,0,0,0.111506563,0.014956055,0.03215747,0.224711791,0.84532948,4.732419773,1.173308337,0.57356274,0.043696671,0.250269853,0.348206628,0.004588346,0.057676482,0.407620824,0.055802094,0.198899906,0.092762683,1.874544237,0.258294577,0.13468259,10.78645884,0.019114853,0.050628002,0.02815487,0.171779854,0.475684539,4.452198762,11.95709227,0.047113524,0.254858199,11.179436,0.475684539,0.254858199,10.78645884,0.475684539,2.95524609,0.57356274,1.874544237,0,0.128239382,0.927060609,5.905728111,7.374994509,10.51773798,4.502826764,0.753093969,13.62242746
96,0,Palmeria4,initial,Palmeria,alga,conc,0.006677404,0.212438626,0.038199139,0.004420253,0.022258013,0.002601993,0.583410733,0.134347485,0.005439106,0.002178777,0.003620846,0.012179208,0.006019068,0,0,0,0.048779533,0.124096259,0.097229897,0.023449287,0,0.005987719,0.004765096,0,0.003385726,0.030377485,0,0,0,0,0,0,1.60550809,0.005156962,0.153642988,0,0,0,0,1.611495809,0,0.005987719,1.60550809,0,0.005987719,1.60550809,0,0.035628495,0.023449287,0,0,0.054861299,0.139786591,0.221326157,0.54513322,0.879050438,0.153642988,0.005156962,1.60550809
97,0,Palmeria5,initial,Palmeria,alga,conc,0.001806471,0.156450823,0.027496575,0.007000076,0.015302895,0.002640227,0.417016917,0.23673457,0.007729612,0.00194543,0.003578202,0.020027512,0.00809438,0,0,0,0.04085404,0.116048401,0.180595005,0.023136727,0,0.007677502,0.006652677,0,0.00401245,0.015007606,0,0,0,0.01228053,0,0.450245564,1.286033758,0.004672507,0.081030653,0,0,0,0,1.743956824,0,0.007677502,1.736279322,0,0.007677502,1.286033758,0,0.055444768,0.023136727,0.01228053,0,0.04088878,0.244464182,0.296643406,0.637145848,0.641887835,0.081030653,0.004672507,1.748559852
98,0,Palmeria6,initial,Palmeria,alga,conc,0.002632774,0.131171993,0.021050227,0.004140636,0.016359102,0.001196716,0.406237067,0.136796557,0.009741265,0.001603599,0.002034416,0.010507163,0.000466719,0,0,0,0.030444444,0.094157581,0.068009346,0.016335168,0,0.003398672,0.005612596,0,0.002453267,0.027428721,0,0,0.010961915,0.008520615,0,0,1.334660972,0.004092767,0.203968201,0,0,0,0,1.338059644,0,0.003398672,1.334660972,0,0.003398672,1.334660972,0,0.04632486,0.016335168,0.008520615,0,0.030623951,0.146537821,0.162166927,0.54010167,0.592793057,0.203968201,0.004092767,1.354143501
99,1839_Hgcombo.final_4132018_10.qgd,Himantothallus_combo,final,Himantothallus,alga,conc,0.003318522,0.147427446,0.012899689,0.006654061,0.016388391,0.002314456,0.589794876,0.313795993,0.039992439,0.002603763,0.008236741,0.013954809,0.002910088,0,0,0,0.068446634,0.292693599,0.118207439,0.093310018,0,0.113833798,0.119279577,0,0.101989228,0.008083578,0,0,0,0.298683956,0,0.011895623,0.216027243,0.003029215,0.048178125,0,0,0.063119981,0.038682048,0.404876645,0,0.113833798,0.227922866,0.063119981,0.113833798,0.216027243,0.063119981,0.405948783,0.093310018,0.298683956,0,0.027790491,0.353788432,0.410901038,0.820951173,0.973994579,0.086860174,0.066149196,0.589726804
100,1841_Hg1final_4132018_12.qgd,Himanthothallus1,final,Himantothallus,alga,conc,0.0019553,0.131856216,0.005520846,0.001863286,0.013365049,0,0.667263305,0.45956446,0.057025743,0.001311201,0.006003921,0.004646712,0,0,0,0,0.064064822,0.420159419,0.061350406,0.092175132,0,0.078188988,0.03724271,0,0.037748788,0.008074238,0,0,0,0.257662505,0,0.007062083,0.100870465,0,0.062247544,0,0,0.024705788,0.023233562,0.210827324,0,0.078188988,0.107932548,0.024705788,0.078188988,0.100870465,0.024705788,0.354484349,0.092175132,0.257662505,0,0.012076852,0.516590203,0.481509825,1.06842181,0.943535663,0.085481106,0.024705788,0.390300841
101,1842_Hg2final_4132018_13.qgd,Himanthothallus2,final,Himantothallus,alga,conc,0.001008392,0.136443155,0,0.001047176,0.01390417,0,0.743921593,0.443246334,0.057206837,0,0.007911997,0.011790426,0.0130897,0,0,0,0.068997264,0.357358509,0.04260455,0.101808779,0,0.120444633,0.113153185,0,0.046793254,0.01020027,0,0,0,0.434132024,0,0.013147877,0.270753175,0,0.08710953,0,0,0.07609479,0.011344407,0.480440474,0,0.120444633,0.283901051,0.07609479,0.120444633,0.270753175,0.07609479,0.547731229,0.101808779,0.434132024,0,0.002055568,0.500453171,0.399963059,0.99772603,1.02931584,0.098453937,0.07609479,0.794127865
102,1843_Hg3final_4132018_14.qgd,Himanthothallus3,final,Himantothallus,alga,conc,0.000344523,0.136527809,0.001044334,0.001044334,0.013242584,0,0.680873367,0.362739133,0.027346474,0,0.003886645,0.0042527,0.007051945,0,0,0,0.046553604,0.35116533,0.024848686,0.103550545,0,0.123059132,0.063575169,0,0.041891783,0.005264735,0,0,0.0053078,0.250392497,0,0.007105777,0.222367744,0,0.047468741,0,0,0.046704332,0.004521858,0.399236986,0,0.123059132,0.229473521,0.046704332,0.123059132,0.222367744,0.046704332,0.363503542,0.103550545,0.250392497,0,0.00243319,0.390085607,0.376014016,0.818833098,0.92749765,0.051990599,0.046704332,0.53187815
103,1844_Hg4final_4132018_15.qgd,Himanthothallus4,final,Himantothallus,alga,conc,0,0.119369396,0,0.001346271,0.014343608,0,0.524680187,0.207475379,0.064920198,0,0.005867084,0.002725784,0,0,0,0,0.047368808,0.337631568,0.028221837,0.094205756,0,0.069507493,0.050859141,0,0.034138783,0,0,0,0,0.293769713,0,0.006083152,0.106222475,0,0.022205168,0,0,0.043280132,0.012914233,0.225093252,0,0.069507493,0.112305627,0.043280132,0.069507493,0.106222475,0.043280132,0.390701253,0.094205756,0.293769713,0,0.001346271,0.272395577,0.365853405,0.66045415,0.758682099,0.035119401,0.043280132,0.449355472
104,1845_Hg5final_4132018_16.qgd,Himanthothallus5,final,Himantothallus,alga,conc,0,0.083523481,0,0,0.012059839,0,0.505785741,0.251605742,0.041467939,0,0.004504952,0.005820062,0,0,0,0,0.053919513,0.299453364,0.026330183,0.070932001,0,0.066930709,0.046644436,0,0.024931129,0,0,0,0,0.294808507,0,0,0.10898625,0,0.054842889,0,0,0.037690495,0,0.213607455,0,0.066930709,0.10898625,0.037690495,0.066930709,0.10898625,0.037690495,0.37156057,0.070932001,0.294808507,0,0,0.293073681,0.325783546,0.673700116,0.684724656,0.054842889,0.037690495,0.441485253
105,1846_Hg6final_4132018_17.qgd,Himanthothallus6,final,Himantothallus,alga,conc,0,0.074030709,0.008121279,0.002799171,0.011233515,0,0.327134703,0.318589865,0.01874708,0,0.00476964,0,0.005248446,0,0,0,0.037420497,0.172922476,0.059095658,0.052171392,0,0.04473149,0.022964252,0,0.025892332,0,0,0,0,0.120272278,0,0,0.116423418,0,0.040772136,0,0,0.019078561,0.028636257,0.180233469,0,0.04473149,0.116423418,0.019078561,0.04473149,0.116423418,0.019078561,0.17244367,0.052171392,0.120272278,0,0.01092045,0.337336945,0.232018134,0.610127215,0.509117654,0.069408393,0.019078561,0.255774256
106,1847_Hg1initial_4132018_19.qgd,Himanthothallus1,initial,Himantothallus,alga,conc,0,0.075477454,0,0,0.004289652,0,0.256518292,0.076907338,0.027036482,0,0.002524183,0.002699271,0,0,0,0,0.036155641,0.182689581,0.008520942,0.067671454,0,0.083940034,0.045800064,0,0.023666041,0,0,0,0,0.19647775,0.003020265,0,0.066577155,0,0.064417738,0,0,0.032624703,0,0.186162157,0,0.083940034,0.069597421,0.032624703,0.083940034,0.066577155,0.032624703,0.266848475,0.067671454,0.19647775,0,0,0.103943821,0.191210524,0.359572083,0.398631264,0.064417738,0.035644968,0.298699873
107,1848_Hg2initial_4132018_20.qgd,Himanthothallus2,initial,Himantothallus,alga,conc,0,0.137979461,0,0,0.008768078,0,0.471561525,0.124698178,0.084611194,0,0.003631838,0.007886712,0.003099979,0,0,0,0.04554234,0.289924025,0.008692098,0.105657621,0,0.09833316,0.090993504,0,0.028765982,0,0,0,0,0.474068861,0,0.141216204,0.236251838,0,0.018539091,0,0,0.106219872,0,0.582021074,0,0.09833316,0.377468042,0.106219872,0.09833316,0.236251838,0.106219872,0.587613193,0.105657621,0.474068861,0,0,0.209309372,0.298616123,0.526464586,0.696249225,0.018539091,0.106219872,0.957756774
108,1849_Hg3initial_4132018_21.qgd,Himanthothallus3,initial,Himantothallus,alga,conc,0,0.134986877,0,0,0.007962339,0,0.525097637,0.572476846,0.034964102,0,0.003290223,0.014586655,0.103071715,0,0,0,0.076640258,0.205200234,0.028098503,0.054551895,0,0.0546177,0.099233122,0,0.019456185,0,0,0,0,0.123778185,0,0,0.800248009,0,0.066001871,0,0,0.020903883,0.01333637,0.875769591,0,0.0546177,0.800248009,0.020903883,0.0546177,0.800248009,0.020903883,0.192916735,0.054551895,0.123778185,0,0,0.607440948,0.233298737,0.906741556,0.780769889,0.079338241,0.020903883,0.944930076
109,1850_Hg4initial_4132018_22.qgd,Himanthothallus4,initial,Himantothallus,alga,conc,0,0.06828374,0,0,0.005209961,0,0.248146152,0.069598107,0.019430461,0,0.002533719,0.003325507,0,0,0,0,0.053572331,0.216474658,0.009580627,0.06966145,0,0.067697817,0.038338343,0,0.018068587,0,0,0,0,0.183694663,0,0,0.083517729,0,0.045131878,0,0,0.023373562,0,0.174589108,0,0.067697817,0.083517729,0.023373562,0.067697817,0.083517729,0.023373562,0.25668162,0.06966145,0.183694663,0,0,0.089028568,0.226055285,0.360215732,0.395814491,0.045131878,0.023373562,0.290585953
110,1851_Hg5initial_4132018_23.qgd,Himanthothallus5,initial,Himantothallus,alga,conc,0,0.061208041,0,0,0.00651063,0,0.253494957,0.066608751,0.03091534,0,0.003370368,0.00441261,0,0,0,0,0.043665887,0.169059804,0.005129997,0.049865198,0,0.079778902,0.073633734,0,0.022766901,0,0,0,0,0.259789017,0,0,0.148458601,0,0.011803054,0,0,0.038522354,0,0.266759857,0,0.079778902,0.148458601,0.038522354,0.079778902,0.148458601,0.038522354,0.314066824,0.049865198,0.259789017,0,0,0.09752409,0.174189801,0.283516946,0.391016783,0.011803054,0.038522354,0.446769972
111,1852_Hg6initial_4132018_24.qgd,Himanthothallus6,initial,Himantothallus,alga,conc,0,0.194000326,0,0,0.009720792,0,0.594641288,0.162749456,0.026024167,0,0.005018947,0.005762494,0.012366947,0,0,0,0.06066474,0.399186671,0.013088625,0.15026223,0,0.14716776,0.083463222,0,0.051938989,0,0,0,0.008528929,0.343070693,0,0,0.300436984,0,0.061189597,0,0,0.06042418,0,0.508028923,0,0.14716776,0.300436984,0.06042418,0.14716776,0.300436984,0.06042418,0.507624346,0.15026223,0.343070693,0,0,0.188773624,0.412275296,0.662238516,0.915985082,0.061189597,0.06042418,0.712460785
112,1854_Dmcombo.final_4132018_26.qgd,Desmarestia_combo,final,Desmarestia,alga,conc,0.010201656,2.54791968,0.052367507,0.061000826,0.107020304,0.007662445,2.838704227,2.490623115,0.372054257,0,0.12973878,0.122195828,0.01294998,0,0.008648256,0,5.521515793,10.9663922,0.632577375,3.957585447,0.180463268,1.303422164,0.717775395,0.011202404,1.533952711,0.010814054,0,0.130590163,0.620493715,5.32916304,0.042778248,0.206198925,2.64408112,0.011769993,0.022584047,0,0,0,0.028782711,4.216331117,0.008648256,1.314624568,2.893058293,0,1.314624568,2.64408112,0,10.34049146,3.957585447,5.32916304,0,0.136086809,2.862677372,11.59896958,14.49504505,12.7194042,0.051366759,0.054548241,8.842715048
113,1855_DMF1_4132018_27.qgd,Desmarestia1,final,Desmarestia,alga,conc,0.001866669,2.34176623,0.013791951,0.014838237,0.084071451,0.001640767,3.349672478,2.040459664,0.505213423,0.001557539,0.10131139,0.034729559,0.020842491,0,0.010653093,0,4.350813537,9.7661041,0.107339424,4.202609515,0.220540426,1.662453207,0.825448252,0.00337665,1.109657554,0.014493438,0,0.116268523,0.551820705,4.875739938,0.042790716,0.210933619,3.708750672,0.009725703,0.09701924,0,0,0,0.021983894,5.638957957,0.010653093,1.665829857,3.962475007,0,1.665829857,3.708750672,0,10.00170867,4.202609515,4.875739938,0,0.041518528,2.545673088,9.873443524,12.53062929,11.36900224,0.119003134,0.052516419,9.39003565
114,1856_DMF2_4132018_28.qgd,Desmarestia2,final,Desmarestia,alga,conc,0.001337286,1.121859792,0.007108731,0.005507507,0.050623314,0.001372478,1.300141133,1.15837122,0.139095341,0,0.045150999,0.011155781,0.003624749,0,0.004645309,0,2.141751527,5.242653849,0.081046571,1.898840561,0.070559433,0.564774594,0.253415699,0,0.570528443,0.014235058,0,0.061497561,0.242365494,2.336397025,0.019672181,0.07180874,1.20922328,0.004592522,0.039115616,0,0,0,0.022821842,1.870124103,0.004645309,0.564774594,1.300704201,0,0.564774594,1.20922328,0,4.620815854,1.898840561,2.336397025,0,0.017437506,1.297466561,5.323700419,6.674517654,5.25746957,0.061937457,0.024264703,3.879466719
115,1857_DMF3_4132018_30.qgd,Desmarestia3,final,Desmarestia,alga,conc,0.001643964,1.272451706,0.008125203,0.007226345,0.049650075,0.001561174,1.97230724,0.921317576,0.209623137,0.001182708,0.058603173,0.016439639,0.008728384,0,0.009272429,0,1.983472002,5.314982567,0.067757332,2.055203232,0.09699387,0.730901615,0.454242598,0,0.625250324,0.012513049,0,0.079241425,0.374788286,3.31614719,0.026953912,0.103900883,1.534965537,0.006327487,0.052145588,0,0,0,0.009556279,2.405994376,0.009272429,0.730901615,1.665820332,0,0.730901615,1.534965537,0,5.938813642,2.055203232,3.31614719,0,0.021702689,1.130940713,5.382739899,6.578339249,5.977618286,0.061701868,0.033281398,5.356755808
116,1858_DMF4_4132018_31.qgd,Desmarestia4,final,Desmarestia,alga,conc,0.003589792,2.518863149,0.02462045,0.019418013,0.115094254,0.004594934,3.096665021,2.695403596,0.403680393,0.002341649,0.14263072,0.105727658,0.021593979,0,0.007941724,0,4.523988405,10.93979719,0.414328268,4.264186875,0.22186019,1.488880033,0.826193387,0.003667111,1.322468322,0.018434963,0,0.162258598,0.806620736,6.060021736,0.055658344,0.25980153,3.254306594,0.010890877,0.104081877,0,0,0,0.05310683,5.070255336,0.007941724,1.492547143,3.569766468,0,1.492547143,3.254306594,0,11.62067579,4.264186875,6.060021736,0,0.056276893,3.099083989,11.35412545,14.57572628,11.78370758,0.157188707,0.066549221,10.43640894
117,1859_DMF5_4132018_32.qgd,Desmarestia5,final,Desmarestia,alga,conc,0.005388114,2.426139894,0.010511389,0.011826454,0.105040826,0.00175342,3.348557618,2.344459738,0.376126889,0.000502282,0.135214265,0.046849195,0.019388078,0,0.007515962,0,4.307020912,10.08917046,0.109031684,4.166053238,0.221268839,1.341430348,0.79356874,0.005780807,1.262307263,0.015022793,0,0.160657122,0.809112079,5.813957685,0.044091211,0.222063357,2.910412624,0.009844724,0.087999774,0,0,0.00156164,0.02610039,4.532855949,0.007515962,1.347211155,3.176567192,0.00156164,1.347211155,2.910412624,0.00156164,11.21789816,4.166053238,5.813957685,0,0.036913147,2.720586627,10.19820214,13.02181134,11.62022589,0.114100164,0.055497574,9.801198596
118,1860_DMF6_4132018_33.qgd,Desmarestia6,final,Desmarestia,alga,conc,0.02189895,1.336360561,0.022305113,0.041293228,0.058893621,0.00284314,3.427117939,0.547676825,0.295145041,0.00181081,0.03027606,0.003977012,0.008444804,0,0,0,0.295635821,2.996822193,0.06481683,0.528925638,0.043577895,0.465174986,0.443631428,0.003537002,0.200221387,0.011914112,0,0.017549622,0.069606167,1.862189206,0.008343263,0.065341457,0.863586944,0.007717095,0.09010047,0,0,0,0.020697384,1.405983651,0,0.468711987,0.937271664,0,0.468711987,0.863586944,0,2.525825539,0.528925638,1.862189206,0,0.090151241,0.842821866,3.061639023,4.006475471,5.376919868,0.110797855,0.016060358,2.869067037
119,1861_DMI1_4132018_34.qgd,Desmarestia1,initial,Desmarestia,alga,conc,0.001060803,0.738900685,0.00474966,0.001663065,0.024904919,0.000999208,1.092196023,0.785760806,0.132258192,0.000622794,0.037059669,0.013879411,0.0191013,0,0.003531448,0,1.477527614,3.490028495,0.062915889,1.449577163,0.089812381,0.705680438,0.534959579,0,0.313066947,0.00515345,0,0.035855145,0.191984829,1.80519258,0.011525112,0.066912722,1.546589317,0.002758088,0.041631389,0,0,0,0.011757805,2.334239037,0.003531448,0.705680438,1.625027151,0,0.705680438,1.546589317,0,3.586301509,1.449577163,1.80519258,0,0.0118194,0.918018998,3.552944384,4.517748221,3.69817175,0.053389193,0.0142832,3.62220456
120,1862_DMI2_4132018_35.qgd,Desmarestia2,initial,Desmarestia,alga,conc,0.001136559,2.339177096,0.007477359,0.002731728,0.070406812,0.002203328,2.846431157,2.171464919,0.335224957,0.004675842,0.115420513,0.043418531,0.09170233,0,0.011206069,0,4.249263455,9.489296911,0.184401642,4.112427786,0.219076648,1.582597977,1.081066588,0.014476167,1.128901745,0.014904869,0,0.13675591,0.554181966,4.875696649,0.047775339,0.205308337,3.612272231,0.00795591,0.062381113,0,0,0.019879805,0.096757025,5.493515925,0.011206069,1.597074144,3.865355907,0.019879805,1.597074144,3.612272231,0.019879805,9.94155749,4.112427786,4.875696649,0,0.025901571,2.506689876,9.673698553,12.25767441,10.85431371,0.159138138,0.075611054,9.315114327
121,1863_DMI3_4132018_36.qgd,Desmarestia3,initial,Desmarestia,alga,conc,0.00130193,1.24191441,0.003922698,0.002147339,0.034873125,0.000710144,1.666233687,1.035719132,0.199516546,0,0.052254736,0.027467341,0.029090527,0,0.003584535,0,1.910227205,5.199646348,0.07495397,2.146924843,0.121891083,1.034138217,0.990354481,0.004590571,0.487057086,0.005317623,0,0.064606163,0.355595972,3.057371256,0.025210099,0.138740086,2.466007596,0.005080909,0.046319964,0,0,0,0.014659394,3.672271105,0.003584535,1.038728789,2.629957781,0,1.038728789,2.466007596,0,5.773856658,2.146924843,3.057371256,0,0.011869544,1.235235678,5.274600318,6.561473584,5.412300551,0.060979358,0.030291008,6.042925009
122,1864_DMI4_4132018_37.qgd,Desmarestia4,initial,Desmarestia,alga,conc,0.000951682,0.986970019,0.004423159,0.001589742,0.028766754,0.000724576,1.310866363,0.690369647,0.160791013,0,0.04267429,0.01467537,0.009603337,0,0.004325828,0,1.483326296,4.068451706,0.053218494,1.758232643,0.097082387,0.854837614,0.846975422,0.007170059,0.466983908,0.009711483,0,0.067655944,0.293593922,2.761002747,0.025998224,0.103992896,1.713817207,0.003741841,0.072641461,0,0,0,0,2.710141829,0.004325828,0.862007673,1.843808328,0,0.862007673,1.713817207,0,4.992243012,1.758232643,2.761002747,0,0.009549265,0.85116066,4.121670201,5.055183805,4.323329471,0.072641461,0.029740065,4.898404996
123,1865_DMI5_4132018_38.qgd,Desmarestia5,initial,Desmarestia,alga,conc,0.001299684,1.122394362,0.001549934,0.001549934,0.031612195,0.001025217,1.489785218,0.899994984,0.170734912,0,0.047402147,0.021255084,0.056435356,0,0.002429844,0,1.549054046,4.305167597,0.078134431,1.720951409,0.093875948,0.689664103,0.522343889,0.008476201,0.412823295,0.007426767,0,0.047660469,0.283613696,2.48591647,0.018106781,0.096386518,1.809023177,0.004964632,0.046425366,0,0,0.011632577,0.021997761,2.635719202,0.002429844,0.698140304,1.923516476,0.011632577,0.698140304,1.809023177,0.011632577,4.653273077,1.720951409,2.48591647,0,0.00866187,1.070729897,4.383302028,5.507884057,4.680033655,0.068423126,0.03470399,4.70467922
124,1866_DMI6_4132018_39.qgd,Desmarestia6,initial,Desmarestia,alga,conc,0.002295853,0.303930425,0.002498428,0,0.00914965,0,0.603573006,0.123874775,0.059962279,0,0.007866673,0.005199432,0.030420052,0,0,0,0.094940275,0.583788155,0.038590588,0.186976971,0.013808881,0.190116887,0.26631895,0,0.031567979,0,0,0,0.019987426,0.64118448,0,0.024072694,0.59101334,0,0.08730994,0,0,0,0,0.805202921,0,0.190116887,0.615086034,0,0.190116887,0.59101334,0,0.86715719,0.186976971,0.64118448,0,0.004794281,0.183837054,0.622378743,0.893525737,1.051028007,0.08730994,0,1.27625794